run_id,record_id,source_type,rule_hit,rule_name,rule_severity,rule_reason,anomaly_score,anomaly_threshold,anomaly_model,anomaly_version,is_anomaly,anomaly_reason,is_unknown,osr_method,osr_reason,osr_pred_label,osr_final_label,osr_max_prob,osr_prob_threshold,osr_distance,osr_distance_threshold,osr_reject_reason,final_label,stage,confidence,risk_score,raw_text,text,cluster_id,cluster_dist,pseudo_label,representative_rank
apache_log_access.log_20260420_153020,apache_334,apache_log,0,,,no apache rule matched,0.15,0.68,webhawk_pca_dbscan,midterm-0.3,0,backend=webhawk_core; eps=0.1500; cluster=9; cluster_size=102; cluster_normal=1; heuristic=special_tokens=8,1,textcnn_osr_hardneg75,"{""pred_label"": ""command_exec"", ""final_label"": ""unknown"", ""max_prob"": 0.44853904843330383, ""dist_to_pred_centroid"": 4.246179103851318, ""prob_threshold"": 0.75, ""class_distance_threshold"": 2.8727237254381177, ""is_unknown"": 1, ""reject_reason"": ""low_confidence+far_from_centroid"", ""engine_ready"": true, ""engine_error"": """"}",command_exec,unknown,0.4485390484333038,0.75,4.246179103851318,2.8727237254381177,low_confidence+far_from_centroid,unknown,osr,0.4485390484333038,0.85,"125.78.229.99 - - [22/Oct/2021:12:27:08 -0700] ""POST /txual.php HTTP/1.1"" 418 746 ""http://www.secrepo.com/txual.php"" ""Mozilla/5.0 (compatible; MSIE 10.0; Windows NT 6.2)"" ",METHOD=POST PATH=/txual.php QUERY= PROTOCOL=HTTP/1.1,0,0.10115414,unknown_cluster_00,1
apache_log_access.log_20260420_153020,apache_321,apache_log,0,,,no apache rule matched,0.15,0.68,webhawk_pca_dbscan,midterm-0.3,0,backend=webhawk_core; eps=0.1500; cluster=2; cluster_size=151; cluster_normal=1; heuristic=special_tokens=8,1,textcnn_osr_hardneg75,"{""pred_label"": ""command_exec"", ""final_label"": ""unknown"", ""max_prob"": 0.4204743206501007, ""dist_to_pred_centroid"": 4.05720329284668, ""prob_threshold"": 0.75, ""class_distance_threshold"": 2.8727237254381177, ""is_unknown"": 1, ""reject_reason"": ""low_confidence+far_from_centroid"", ""engine_ready"": true, ""engine_error"": """"}",command_exec,unknown,0.4204743206501007,0.75,4.05720329284668,2.8727237254381177,low_confidence+far_from_centroid,unknown,osr,0.4204743206501007,0.85,"125.78.229.99 - - [22/Oct/2021:12:27:05 -0700] ""POST /plus/90sec.php HTTP/1.1"" 418 746 ""http://www.secrepo.com/plus/90sec.php"" ""Mozilla/5.0 (compatible; MSIE 10.0; Windows NT 6.2)"" ",METHOD=POST PATH=/plus/90sec.php QUERY= PROTOCOL=HTTP/1.1,0,0.10597907,unknown_cluster_00,2
apache_log_access.log_20260420_153020,apache_332,apache_log,0,,,no apache rule matched,0.15,0.68,webhawk_pca_dbscan,midterm-0.3,0,backend=webhawk_core; eps=0.1500; cluster=9; cluster_size=102; cluster_normal=1; heuristic=special_tokens=8,1,textcnn_osr_hardneg75,"{""pred_label"": ""suspicious_path_probe"", ""final_label"": ""unknown"", ""max_prob"": 0.4194176495075226, ""dist_to_pred_centroid"": 6.612790107727051, ""prob_threshold"": 0.5398888796567917, ""class_distance_threshold"": 5.560724353790283, ""is_unknown"": 1, ""reject_reason"": ""low_confidence+far_from_centroid"", ""engine_ready"": true, ""engine_error"": """"}",suspicious_path_probe,unknown,0.4194176495075226,0.5398888796567917,6.612790107727051,5.560724353790283,low_confidence+far_from_centroid,unknown,osr,0.4194176495075226,0.85,"125.78.229.99 - - [22/Oct/2021:12:27:08 -0700] ""POST /ysyqq.php HTTP/1.1"" 418 746 ""http://www.secrepo.com/ysyqq.php"" ""Mozilla/5.0 (compatible; MSIE 10.0; Windows NT 6.2)"" ",METHOD=POST PATH=/ysyqq.php QUERY= PROTOCOL=HTTP/1.1,0,0.11569127,unknown_cluster_00,3
apache_log_access.log_20260420_153020,apache_338,apache_log,0,,,no apache rule matched,0.95,0.68,webhawk_pca_dbscan,midterm-0.3,1,backend=webhawk_core; eps=0.1500; cluster=-1; cluster_size=22; noise_point=-1; heuristic=status=404; special_tokens=8,1,textcnn_osr_hardneg75,"{""pred_label"": ""command_exec"", ""final_label"": ""unknown"", ""max_prob"": 0.4350150227546692, ""dist_to_pred_centroid"": 3.8097620010375977, ""prob_threshold"": 0.75, ""class_distance_threshold"": 2.8727237254381177, ""is_unknown"": 1, ""reject_reason"": ""low_confidence+far_from_centroid"", ""engine_ready"": true, ""engine_error"": """"}",command_exec,unknown,0.4350150227546692,0.75,3.8097620010375977,2.8727237254381177,low_confidence+far_from_centroid,unknown,osr,0.4350150227546692,0.95,"125.78.229.99 - - [22/Oct/2021:12:27:10 -0700] ""POST /e/DoInfo/ecms.php HTTP/1.1"" 404 305 ""http://www.secrepo.com/e/DoInfo/ecms.php"" ""Mozilla/5.0 (compatible; MSIE 10.0; Windows NT 6.2)"" ",METHOD=POST PATH=/e/DoInfo/ecms.php QUERY= PROTOCOL=HTTP/1.1,0,0.12460206,unknown_cluster_00,4
apache_log_access.log_20260420_153020,apache_328,apache_log,0,,,no apache rule matched,0.15,0.68,webhawk_pca_dbscan,midterm-0.3,0,backend=webhawk_core; eps=0.1500; cluster=9; cluster_size=102; cluster_normal=1; heuristic=special_tokens=8,1,textcnn_osr_hardneg75,"{""pred_label"": ""command_exec"", ""final_label"": ""unknown"", ""max_prob"": 0.4510445296764374, ""dist_to_pred_centroid"": 4.584648132324219, ""prob_threshold"": 0.75, ""class_distance_threshold"": 2.8727237254381177, ""is_unknown"": 1, ""reject_reason"": ""low_confidence+far_from_centroid"", ""engine_ready"": true, ""engine_error"": """"}",command_exec,unknown,0.4510445296764374,0.75,4.584648132324219,2.8727237254381177,low_confidence+far_from_centroid,unknown,osr,0.4510445296764374,0.85,"125.78.229.99 - - [22/Oct/2021:12:27:07 -0700] ""POST /fdgq.php HTTP/1.1"" 418 746 ""http://www.secrepo.com/fdgq.php"" ""Mozilla/5.0 (compatible; MSIE 10.0; Windows NT 6.2)"" ",METHOD=POST PATH=/fdgq.php QUERY= PROTOCOL=HTTP/1.1,0,0.12512067,unknown_cluster_00,5
apache_log_access.log_20260420_153020,apache_6,apache_log,0,,,no apache rule matched,0.78,0.68,webhawk_pca_dbscan,midterm-0.3,1,backend=webhawk_core; eps=0.1500; cluster=3; cluster_size=25; minority_cluster=1; heuristic=special_tokens=8,1,textcnn_osr_hardneg75,"{""pred_label"": ""suspicious_path_probe"", ""final_label"": ""unknown"", ""max_prob"": 0.3592711091041565, ""dist_to_pred_centroid"": 6.137630462646484, ""prob_threshold"": 0.5398888796567917, ""class_distance_threshold"": 5.560724353790283, ""is_unknown"": 1, ""reject_reason"": ""low_confidence+far_from_centroid"", ""engine_ready"": true, ""engine_error"": """"}",suspicious_path_probe,unknown,0.3592711091041565,0.5398888796567917,6.137630462646484,5.560724353790283,low_confidence+far_from_centroid,unknown,osr,0.3592711091041565,0.85,"116.86.203.45 - - [22/Oct/2021:02:50:49 -0700] ""GET /twitter-icon.png HTTP/1.1"" 200 27916 ""http://www.secrepo.com/"" ""Mozilla/5.0 (Windows NT 10.0; Win64; x64) AppleWebKit/537.36 (KHTML, like Gecko) Chrome/94.0.4606.81 Safari/537.36"" ",METHOD=GET PATH=/twitter-icon.png QUERY= PROTOCOL=HTTP/1.1,1,0.047603667,unknown_cluster_01,1
apache_log_access.log_20260420_153020,apache_47,apache_log,0,,,no apache rule matched,0.78,0.68,webhawk_pca_dbscan,midterm-0.3,1,backend=webhawk_core; eps=0.1500; cluster=3; cluster_size=25; minority_cluster=1; heuristic=special_tokens=8,1,textcnn_osr_hardneg75,"{""pred_label"": ""suspicious_path_probe"", ""final_label"": ""unknown"", ""max_prob"": 0.3592711091041565, ""dist_to_pred_centroid"": 6.137630462646484, ""prob_threshold"": 0.5398888796567917, ""class_distance_threshold"": 5.560724353790283, ""is_unknown"": 1, ""reject_reason"": ""low_confidence+far_from_centroid"", ""engine_ready"": true, ""engine_error"": """"}",suspicious_path_probe,unknown,0.3592711091041565,0.5398888796567917,6.137630462646484,5.560724353790283,low_confidence+far_from_centroid,unknown,osr,0.3592711091041565,0.85,"116.179.37.246 - - [22/Oct/2021:04:49:06 -0700] ""GET /twitter-icon.png HTTP/1.1"" 200 27879 ""http://www.secrepo.com/"" ""Mozilla/5.0 (compatible; Baiduspider-render/2.0; +http://www.baidu.com/search/spider.html)"" ",METHOD=GET PATH=/twitter-icon.png QUERY= PROTOCOL=HTTP/1.1,1,0.047603667,unknown_cluster_01,2
apache_log_access.log_20260420_153020,apache_49,apache_log,0,,,no apache rule matched,0.78,0.68,webhawk_pca_dbscan,midterm-0.3,1,backend=webhawk_core; eps=0.1500; cluster=3; cluster_size=25; minority_cluster=1; heuristic=special_tokens=9,1,textcnn_osr_hardneg75,"{""pred_label"": ""suspicious_path_probe"", ""final_label"": ""unknown"", ""max_prob"": 0.3592711091041565, ""dist_to_pred_centroid"": 6.137630462646484, ""prob_threshold"": 0.5398888796567917, ""class_distance_threshold"": 5.560724353790283, ""is_unknown"": 1, ""reject_reason"": ""low_confidence+far_from_centroid"", ""engine_ready"": true, ""engine_error"": """"}",suspicious_path_probe,unknown,0.3592711091041565,0.5398888796567917,6.137630462646484,5.560724353790283,low_confidence+far_from_centroid,unknown,osr,0.3592711091041565,0.85,"116.179.37.206 - - [22/Oct/2021:04:49:07 -0700] ""GET /twitter-icon.png HTTP/1.1"" 200 27879 ""http://www.secrepo.com/"" ""Mozilla/5.0 (iPhone; CPU iPhone OS 9_1 like Mac OS X) AppleWebKit/601.1.46 (KHTML, like Gecko) Version/9.0 Mobile/13B143 Safari/601.1 (compatible; Baiduspider-render/2.0; +http://www.baidu.com/search/spider.html)"" ",METHOD=GET PATH=/twitter-icon.png QUERY= PROTOCOL=HTTP/1.1,1,0.047603667,unknown_cluster_01,3
apache_log_access.log_20260420_153020,apache_72,apache_log,0,,,no apache rule matched,0.78,0.68,webhawk_pca_dbscan,midterm-0.3,1,backend=webhawk_core; eps=0.1500; cluster=3; cluster_size=25; minority_cluster=1; heuristic=special_tokens=7,1,textcnn_osr_hardneg75,"{""pred_label"": ""suspicious_path_probe"", ""final_label"": ""unknown"", ""max_prob"": 0.3592711091041565, ""dist_to_pred_centroid"": 6.137630462646484, ""prob_threshold"": 0.5398888796567917, ""class_distance_threshold"": 5.560724353790283, ""is_unknown"": 1, ""reject_reason"": ""low_confidence+far_from_centroid"", ""engine_ready"": true, ""engine_error"": """"}",suspicious_path_probe,unknown,0.3592711091041565,0.5398888796567917,6.137630462646484,5.560724353790283,low_confidence+far_from_centroid,unknown,osr,0.3592711091041565,0.85,"35.40.124.17 - - [22/Oct/2021:05:09:23 -0700] ""GET /twitter-icon.png HTTP/1.1"" 200 27893 ""http://www.secrepo.com/"" ""Mozilla/5.0 (Macintosh; Intel Mac OS X 10_15_7) AppleWebKit/605.1.15 (KHTML, like Gecko) Version/15.0 Safari/605.1.15"" ",METHOD=GET PATH=/twitter-icon.png QUERY= PROTOCOL=HTTP/1.1,1,0.047603667,unknown_cluster_01,4
apache_log_access.log_20260420_153020,apache_105,apache_log,0,,,no apache rule matched,0.78,0.68,webhawk_pca_dbscan,midterm-0.3,1,backend=webhawk_core; eps=0.1500; cluster=3; cluster_size=25; minority_cluster=1; heuristic=special_tokens=9,1,textcnn_osr_hardneg75,"{""pred_label"": ""suspicious_path_probe"", ""final_label"": ""unknown"", ""max_prob"": 0.3592711091041565, ""dist_to_pred_centroid"": 6.137630462646484, ""prob_threshold"": 0.5398888796567917, ""class_distance_threshold"": 5.560724353790283, ""is_unknown"": 1, ""reject_reason"": ""low_confidence+far_from_centroid"", ""engine_ready"": true, ""engine_error"": """"}",suspicious_path_probe,unknown,0.3592711091041565,0.5398888796567917,6.137630462646484,5.560724353790283,low_confidence+far_from_centroid,unknown,osr,0.3592711091041565,0.85,"66.249.82.154 - - [22/Oct/2021:06:16:02 -0700] ""GET /twitter-icon.png HTTP/1.1"" 200 27916 ""-"" ""Mozilla/5.0 (Windows NT 10.0; Win64; x64; rv:93.0) Gecko/20100101 Firefox/93.0,gzip(gfe)"" ",METHOD=GET PATH=/twitter-icon.png QUERY= PROTOCOL=HTTP/1.1,1,0.047603667,unknown_cluster_01,5
apache_log_access.log_20260420_153020,apache_247,apache_log,0,,,no apache rule matched,0.15,0.68,webhawk_pca_dbscan,midterm-0.3,0,backend=webhawk_core; eps=0.1500; cluster=1; cluster_size=128; cluster_normal=1; heuristic=special_tokens=7,1,textcnn_osr_hardneg75,"{""pred_label"": ""suspicious_path_probe"", ""final_label"": ""unknown"", ""max_prob"": 0.4853888154029846, ""dist_to_pred_centroid"": 6.245889663696289, ""prob_threshold"": 0.5398888796567917, ""class_distance_threshold"": 5.560724353790283, ""is_unknown"": 1, ""reject_reason"": ""low_confidence+far_from_centroid"", ""engine_ready"": true, ""engine_error"": """"}",suspicious_path_probe,unknown,0.4853888154029846,0.5398888796567917,6.245889663696289,5.560724353790283,low_confidence+far_from_centroid,unknown,osr,0.4853888154029846,0.85,"24.144.22.33 - - [22/Oct/2021:11:22:20 -0700] ""GET / HTTP/1.1"" 200 13186 ""-"" ""Mozilla/5.0 (iPhone; CPU iPhone OS 14_8 like Mac OS X) AppleWebKit/605.1.15 (KHTML, like Gecko) CriOS/94.0.4606.76 Mobile/15E148 Safari/604.1"" ",METHOD=GET PATH=/ QUERY= PROTOCOL=HTTP/1.1,2,0.004791374,unknown_cluster_02,1
apache_log_access.log_20260420_153020,apache_388,apache_log,0,,,no apache rule matched,0.15,0.68,webhawk_pca_dbscan,midterm-0.3,0,backend=webhawk_core; eps=0.1500; cluster=1; cluster_size=128; cluster_normal=1; heuristic=special_tokens=6,1,textcnn_osr_hardneg75,"{""pred_label"": ""suspicious_path_probe"", ""final_label"": ""unknown"", ""max_prob"": 0.4853888154029846, ""dist_to_pred_centroid"": 6.245889663696289, ""prob_threshold"": 0.5398888796567917, ""class_distance_threshold"": 5.560724353790283, ""is_unknown"": 1, ""reject_reason"": ""low_confidence+far_from_centroid"", ""engine_ready"": true, ""engine_error"": """"}",suspicious_path_probe,unknown,0.4853888154029846,0.5398888796567917,6.245889663696289,5.560724353790283,low_confidence+far_from_centroid,unknown,osr,0.4853888154029846,0.85,"49.7.20.116 - - [22/Oct/2021:14:53:36 -0700] ""GET / HTTP/1.1"" 200 13148 ""-"" ""Sogou web spider/4.0(+http://www.sogou.com/docs/help/webmasters.htm#07)"" ",METHOD=GET PATH=/ QUERY= PROTOCOL=HTTP/1.1,2,0.004791374,unknown_cluster_02,2
apache_log_access.log_20260420_153020,apache_530,apache_log,0,,,no apache rule matched,0.15,0.68,webhawk_pca_dbscan,midterm-0.3,0,backend=webhawk_core; eps=0.1500; cluster=1; cluster_size=128; cluster_normal=1; heuristic=special_tokens=6,1,textcnn_osr_hardneg75,"{""pred_label"": ""suspicious_path_probe"", ""final_label"": ""unknown"", ""max_prob"": 0.4853888154029846, ""dist_to_pred_centroid"": 6.245889663696289, ""prob_threshold"": 0.5398888796567917, ""class_distance_threshold"": 5.560724353790283, ""is_unknown"": 1, ""reject_reason"": ""low_confidence+far_from_centroid"", ""engine_ready"": true, ""engine_error"": """"}",suspicious_path_probe,unknown,0.4853888154029846,0.5398888796567917,6.245889663696289,5.560724353790283,low_confidence+far_from_centroid,unknown,osr,0.4853888154029846,0.85,"49.7.20.116 - - [22/Oct/2021:21:06:13 -0700] ""GET / HTTP/1.1"" 200 13149 ""-"" ""Sogou web spider/4.0(+http://www.sogou.com/docs/help/webmasters.htm#07)"" ",METHOD=GET PATH=/ QUERY= PROTOCOL=HTTP/1.1,2,0.004791374,unknown_cluster_02,3
apache_log_access.log_20260420_153020,apache_12,apache_log,0,,,no apache rule matched,0.78,0.68,webhawk_pca_dbscan,midterm-0.3,1,backend=webhawk_core; eps=0.1500; cluster=5; cluster_size=31; minority_cluster=1; heuristic=special_tokens=7,1,textcnn_osr_hardneg75,"{""pred_label"": ""suspicious_path_probe"", ""final_label"": ""unknown"", ""max_prob"": 0.4853888154029846, ""dist_to_pred_centroid"": 6.245889663696289, ""prob_threshold"": 0.5398888796567917, ""class_distance_threshold"": 5.560724353790283, ""is_unknown"": 1, ""reject_reason"": ""low_confidence+far_from_centroid"", ""engine_ready"": true, ""engine_error"": """"}",suspicious_path_probe,unknown,0.4853888154029846,0.5398888796567917,6.245889663696289,5.560724353790283,low_confidence+far_from_centroid,unknown,osr,0.4853888154029846,0.85,"172.105.82.175 - - [22/Oct/2021:03:07:29 -0700] ""GET / HTTP/1.1"" 301 438 ""-"" ""Mozilla/5.0 (Macintosh; Intel Mac OS X 10_13_6) AppleWebKit/605.1.15 (KHTML, like Gecko) Version/13.0.3 Safari/605.1.15"" ",METHOD=GET PATH=/ QUERY= PROTOCOL=HTTP/1.1,2,0.004791394,unknown_cluster_02,4
apache_log_access.log_20260420_153020,apache_14,apache_log,0,,,no apache rule matched,0.15,0.68,webhawk_pca_dbscan,midterm-0.3,0,backend=webhawk_core; eps=0.1500; cluster=1; cluster_size=128; cluster_normal=1; heuristic=special_tokens=6,1,textcnn_osr_hardneg75,"{""pred_label"": ""suspicious_path_probe"", ""final_label"": ""unknown"", ""max_prob"": 0.4853888154029846, ""dist_to_pred_centroid"": 6.245889663696289, ""prob_threshold"": 0.5398888796567917, ""class_distance_threshold"": 5.560724353790283, ""is_unknown"": 1, ""reject_reason"": ""low_confidence+far_from_centroid"", ""engine_ready"": true, ""engine_error"": """"}",suspicious_path_probe,unknown,0.4853888154029846,0.5398888796567917,6.245889663696289,5.560724353790283,low_confidence+far_from_centroid,unknown,osr,0.4853888154029846,0.85,"20.109.115.205 - - [22/Oct/2021:03:13:32 -0700] ""GET / HTTP/1.1"" 200 13141 ""-"" ""awesome_bot"" ",METHOD=GET PATH=/ QUERY= PROTOCOL=HTTP/1.1,2,0.004791394,unknown_cluster_02,5
apache_log_access.log_20260420_153020,apache_100,apache_log,0,,,no apache rule matched,0.15,0.68,webhawk_pca_dbscan,midterm-0.3,0,backend=webhawk_core; eps=0.1500; cluster=2; cluster_size=151; cluster_normal=1; heuristic=special_tokens=8,1,textcnn_osr_hardneg75,"{""pred_label"": ""suspicious_path_probe"", ""final_label"": ""unknown"", ""max_prob"": 0.40573960542678833, ""dist_to_pred_centroid"": 5.318306922912598, ""prob_threshold"": 0.5398888796567917, ""class_distance_threshold"": 5.560724353790283, ""is_unknown"": 1, ""reject_reason"": ""low_confidence"", ""engine_ready"": true, ""engine_error"": """"}",suspicious_path_probe,unknown,0.4057396054267883,0.5398888796567917,5.318306922912598,5.560724353790283,low_confidence,unknown,osr,0.4057396054267883,0.85,"51.222.253.3 - - [22/Oct/2021:06:13:13 -0700] ""GET /self.logs/error.log.2020-02-13.gz HTTP/1.1"" 200 835 ""-"" ""Mozilla/5.0 (compatible; AhrefsBot/7.0; +http://ahrefs.com/robot/)"" ",METHOD=GET PATH=/self.logs/error.log.2020-02-13.gz QUERY= PROTOCOL=HTTP/1.1,3,0.033951357,unknown_cluster_03,1
apache_log_access.log_20260420_153020,apache_90,apache_log,0,,,no apache rule matched,0.15,0.68,webhawk_pca_dbscan,midterm-0.3,0,backend=webhawk_core; eps=0.1500; cluster=2; cluster_size=151; cluster_normal=1; heuristic=special_tokens=8,1,textcnn_osr_hardneg75,"{""pred_label"": ""suspicious_path_probe"", ""final_label"": ""unknown"", ""max_prob"": 0.4233304262161255, ""dist_to_pred_centroid"": 5.261932373046875, ""prob_threshold"": 0.5398888796567917, ""class_distance_threshold"": 5.560724353790283, ""is_unknown"": 1, ""reject_reason"": ""low_confidence"", ""engine_ready"": true, ""engine_error"": """"}",suspicious_path_probe,unknown,0.4233304262161255,0.5398888796567917,5.261932373046875,5.560724353790283,low_confidence,unknown,osr,0.4233304262161255,0.85,"51.222.253.4 - - [22/Oct/2021:05:56:50 -0700] ""GET /self.logs/error.log.2017-07-10.gz HTTP/1.1"" 200 690 ""-"" ""Mozilla/5.0 (compatible; AhrefsBot/7.0; +http://ahrefs.com/robot/)"" ",METHOD=GET PATH=/self.logs/error.log.2017-07-10.gz QUERY= PROTOCOL=HTTP/1.1,3,0.040465496,unknown_cluster_03,2
apache_log_access.log_20260420_153020,apache_363,apache_log,0,,,no apache rule matched,0.15,0.68,webhawk_pca_dbscan,midterm-0.3,0,backend=webhawk_core; eps=0.1500; cluster=2; cluster_size=151; cluster_normal=1; heuristic=special_tokens=8,1,textcnn_osr_hardneg75,"{""pred_label"": ""suspicious_path_probe"", ""final_label"": ""unknown"", ""max_prob"": 0.42285406589508057, ""dist_to_pred_centroid"": 5.248202323913574, ""prob_threshold"": 0.5398888796567917, ""class_distance_threshold"": 5.560724353790283, ""is_unknown"": 1, ""reject_reason"": ""low_confidence"", ""engine_ready"": true, ""engine_error"": """"}",suspicious_path_probe,unknown,0.4228540658950805,0.5398888796567917,5.248202323913574,5.560724353790283,low_confidence,unknown,osr,0.4228540658950805,0.85,"51.222.253.13 - - [22/Oct/2021:13:55:51 -0700] ""GET /self.logs/error.log.2021-10-03.gz HTTP/1.1"" 200 2645 ""-"" ""Mozilla/5.0 (compatible; AhrefsBot/7.0; +http://ahrefs.com/robot/)"" ",METHOD=GET PATH=/self.logs/error.log.2021-10-03.gz QUERY= PROTOCOL=HTTP/1.1,3,0.04129007,unknown_cluster_03,3
apache_log_access.log_20260420_153020,apache_79,apache_log,0,,,no apache rule matched,0.15,0.68,webhawk_pca_dbscan,midterm-0.3,0,backend=webhawk_core; eps=0.1500; cluster=2; cluster_size=151; cluster_normal=1; heuristic=special_tokens=8,1,textcnn_osr_hardneg75,"{""pred_label"": ""suspicious_path_probe"", ""final_label"": ""unknown"", ""max_prob"": 0.424604207277298, ""dist_to_pred_centroid"": 5.257028579711914, ""prob_threshold"": 0.5398888796567917, ""class_distance_threshold"": 5.560724353790283, ""is_unknown"": 1, ""reject_reason"": ""low_confidence"", ""engine_ready"": true, ""engine_error"": """"}",suspicious_path_probe,unknown,0.424604207277298,0.5398888796567917,5.257028579711914,5.560724353790283,low_confidence,unknown,osr,0.424604207277298,0.85,"51.222.253.14 - - [22/Oct/2021:05:28:52 -0700] ""GET /self.logs/error.log.2021-06-17.gz HTTP/1.1"" 200 3777 ""-"" ""Mozilla/5.0 (compatible; AhrefsBot/7.0; +http://ahrefs.com/robot/)"" ",METHOD=GET PATH=/self.logs/error.log.2021-06-17.gz QUERY= PROTOCOL=HTTP/1.1,3,0.041770045,unknown_cluster_03,4
apache_log_access.log_20260420_153020,apache_367,apache_log,0,,,no apache rule matched,0.15,0.68,webhawk_pca_dbscan,midterm-0.3,0,backend=webhawk_core; eps=0.1500; cluster=2; cluster_size=151; cluster_normal=1; heuristic=special_tokens=8,1,textcnn_osr_hardneg75,"{""pred_label"": ""suspicious_path_probe"", ""final_label"": ""unknown"", ""max_prob"": 0.4219732880592346, ""dist_to_pred_centroid"": 5.207944869995117, ""prob_threshold"": 0.5398888796567917, ""class_distance_threshold"": 5.560724353790283, ""is_unknown"": 1, ""reject_reason"": ""low_confidence"", ""engine_ready"": true, ""engine_error"": """"}",suspicious_path_probe,unknown,0.4219732880592346,0.5398888796567917,5.207944869995117,5.560724353790283,low_confidence,unknown,osr,0.4219732880592346,0.85,"51.222.253.17 - - [22/Oct/2021:13:59:49 -0700] ""GET /self.logs/error.log.2021-10-04.gz HTTP/1.1"" 200 1987 ""-"" ""Mozilla/5.0 (compatible; AhrefsBot/7.0; +http://ahrefs.com/robot/)"" ",METHOD=GET PATH=/self.logs/error.log.2021-10-04.gz QUERY= PROTOCOL=HTTP/1.1,3,0.041856036,unknown_cluster_03,5
apache_log_access.log_20260420_153020,apache_260,apache_log,0,,,no apache rule matched,0.78,0.68,webhawk_pca_dbscan,midterm-0.3,1,backend=webhawk_core; eps=0.1500; cluster=8; cluster_size=26; minority_cluster=1; heuristic=special_tokens=9,1,textcnn_osr_hardneg75,"{""pred_label"": ""benign"", ""final_label"": ""unknown"", ""max_prob"": 0.45734384655952454, ""dist_to_pred_centroid"": 5.568498611450195, ""prob_threshold"": 0.5398888796567917, ""class_distance_threshold"": 4.467410373687743, ""is_unknown"": 1, ""reject_reason"": ""low_confidence+far_from_centroid"", ""engine_ready"": true, ""engine_error"": """"}",benign,unknown,0.4573438465595245,0.5398888796567917,5.568498611450195,4.467410373687743,low_confidence+far_from_centroid,unknown,osr,0.4573438465595245,0.85,"173.231.60.198 - - [22/Oct/2021:11:41:06 -0700] ""GET /Datasets%20Description/Network/?C=N;O=A HTTP/1.1"" 200 732 ""http://www.secrepo.com/"" ""Mozilla/5.0 (compatible; Adsbot/3.1; +https://seostar.co/robot/)"" ",METHOD=GET PATH=/Datasets%20Description/Network/ QUERY=C=N;O=A PROTOCOL=HTTP/1.1,4,0.058282014,unknown_cluster_04,1
apache_log_access.log_20260420_153020,apache_11,apache_log,0,,,no apache rule matched,0.15,0.68,webhawk_pca_dbscan,midterm-0.3,0,backend=webhawk_core; eps=0.1500; cluster=0; cluster_size=90; cluster_normal=1; heuristic=special_tokens=8,1,textcnn_osr_hardneg75,"{""pred_label"": ""benign"", ""final_label"": ""unknown"", ""max_prob"": 0.5368753671646118, ""dist_to_pred_centroid"": 5.184625148773193, ""prob_threshold"": 0.5398888796567917, ""class_distance_threshold"": 4.467410373687743, ""is_unknown"": 1, ""reject_reason"": ""low_confidence+far_from_centroid"", ""engine_ready"": true, ""engine_error"": """"}",benign,unknown,0.5368753671646118,0.5398888796567917,5.184625148773193,4.467410373687743,low_confidence+far_from_centroid,unknown,osr,0.5368753671646118,0.85,"51.222.253.16 - - [22/Oct/2021:03:06:43 -0700] ""GET /Datasets%20Description/Network/dns.html HTTP/1.1"" 200 1499 ""-"" ""Mozilla/5.0 (compatible; AhrefsBot/7.0; +http://ahrefs.com/robot/)"" ",METHOD=GET PATH=/Datasets%20Description/Network/dns.html QUERY= PROTOCOL=HTTP/1.1,4,0.061819762,unknown_cluster_04,2
apache_log_access.log_20260420_153020,apache_170,apache_log,0,,,no apache rule matched,0.15,0.68,webhawk_pca_dbscan,midterm-0.3,0,backend=webhawk_core; eps=0.1500; cluster=0; cluster_size=90; cluster_normal=1; heuristic=special_tokens=8,1,textcnn_osr_hardneg75,"{""pred_label"": ""benign"", ""final_label"": ""unknown"", ""max_prob"": 0.5368753671646118, ""dist_to_pred_centroid"": 5.184625148773193, ""prob_threshold"": 0.5398888796567917, ""class_distance_threshold"": 4.467410373687743, ""is_unknown"": 1, ""reject_reason"": ""low_confidence+far_from_centroid"", ""engine_ready"": true, ""engine_error"": """"}",benign,unknown,0.5368753671646118,0.5398888796567917,5.184625148773193,4.467410373687743,low_confidence+far_from_centroid,unknown,osr,0.5368753671646118,0.85,"157.90.181.151 - - [22/Oct/2021:08:40:15 -0700] ""GET /Datasets%20Description/Network/dns.html HTTP/1.1"" 200 1543 ""-"" ""Mozilla/5.0 (compatible; BLEXBot/1.0; +http://webmeup-crawler.com/)"" ",METHOD=GET PATH=/Datasets%20Description/Network/dns.html QUERY= PROTOCOL=HTTP/1.1,4,0.061819762,unknown_cluster_04,3
apache_log_access.log_20260420_153020,apache_565,apache_log,0,,,no apache rule matched,0.15,0.68,webhawk_pca_dbscan,midterm-0.3,0,backend=webhawk_core; eps=0.1500; cluster=0; cluster_size=90; cluster_normal=1; heuristic=special_tokens=8,1,textcnn_osr_hardneg75,"{""pred_label"": ""benign"", ""final_label"": ""unknown"", ""max_prob"": 0.5368753671646118, ""dist_to_pred_centroid"": 5.184625148773193, ""prob_threshold"": 0.5398888796567917, ""class_distance_threshold"": 4.467410373687743, ""is_unknown"": 1, ""reject_reason"": ""low_confidence+far_from_centroid"", ""engine_ready"": true, ""engine_error"": """"}",benign,unknown,0.5368753671646118,0.5398888796567917,5.184625148773193,4.467410373687743,low_confidence+far_from_centroid,unknown,osr,0.5368753671646118,0.85,"173.231.60.198 - - [22/Oct/2021:23:31:19 -0700] ""GET /Datasets%20Description/Network/dns.html HTTP/1.1"" 200 1506 ""http://www.secrepo.com/"" ""Mozilla/5.0 (compatible; Adsbot/3.1; +https://seostar.co/robot/)"" ",METHOD=GET PATH=/Datasets%20Description/Network/dns.html QUERY= PROTOCOL=HTTP/1.1,4,0.061819762,unknown_cluster_04,4
apache_log_access.log_20260420_153020,apache_172,apache_log,0,,,no apache rule matched,0.15,0.68,webhawk_pca_dbscan,midterm-0.3,0,backend=webhawk_core; eps=0.1500; cluster=0; cluster_size=90; cluster_normal=1; heuristic=special_tokens=8,1,textcnn_osr_hardneg75,"{""pred_label"": ""benign"", ""final_label"": ""unknown"", ""max_prob"": 0.5161362290382385, ""dist_to_pred_centroid"": 5.341831684112549, ""prob_threshold"": 0.5398888796567917, ""class_distance_threshold"": 4.467410373687743, ""is_unknown"": 1, ""reject_reason"": ""low_confidence+far_from_centroid"", ""engine_ready"": true, ""engine_error"": """"}",benign,unknown,0.5161362290382385,0.5398888796567917,5.341831684112549,4.467410373687743,low_confidence+far_from_centroid,unknown,osr,0.5161362290382385,0.85,"157.90.181.151 - - [22/Oct/2021:08:40:19 -0700] ""GET /Datasets%20Description/Network/ftp.html HTTP/1.1"" 200 1507 ""-"" ""Mozilla/5.0 (compatible; BLEXBot/1.0; +http://webmeup-crawler.com/)"" ",METHOD=GET PATH=/Datasets%20Description/Network/ftp.html QUERY= PROTOCOL=HTTP/1.1,4,0.061916757,unknown_cluster_04,5
apache_log_access.log_20260420_153020,apache_24,apache_log,0,,,no apache rule matched,0.15,0.68,webhawk_pca_dbscan,midterm-0.3,0,backend=webhawk_core; eps=0.1500; cluster=9; cluster_size=102; cluster_normal=1; heuristic=special_tokens=8,1,textcnn_osr_hardneg75,"{""pred_label"": ""benign"", ""final_label"": ""unknown"", ""max_prob"": 0.5377134680747986, ""dist_to_pred_centroid"": 5.053356170654297, ""prob_threshold"": 0.5398888796567917, ""class_distance_threshold"": 4.467410373687743, ""is_unknown"": 1, ""reject_reason"": ""low_confidence+far_from_centroid"", ""engine_ready"": true, ""engine_error"": """"}",benign,unknown,0.5377134680747986,0.5398888796567917,5.053356170654297,4.467410373687743,low_confidence+far_from_centroid,unknown,osr,0.5377134680747986,0.85,"66.249.66.158 - - [22/Oct/2021:03:52:26 -0700] ""GET /robots.txt HTTP/1.1"" 200 377 ""-"" ""Mozilla/5.0 (compatible; Googlebot/2.1; +http://www.google.com/bot.html)"" ",METHOD=GET PATH=/robots.txt QUERY= PROTOCOL=HTTP/1.1,5,0.0012660197,unknown_cluster_05,1
apache_log_access.log_20260420_153020,apache_40,apache_log,0,,,no apache rule matched,0.15,0.68,webhawk_pca_dbscan,midterm-0.3,0,backend=webhawk_core; eps=0.1500; cluster=9; cluster_size=102; cluster_normal=1; heuristic=special_tokens=8,1,textcnn_osr_hardneg75,"{""pred_label"": ""benign"", ""final_label"": ""unknown"", ""max_prob"": 0.5377134680747986, ""dist_to_pred_centroid"": 5.053356170654297, ""prob_threshold"": 0.5398888796567917, ""class_distance_threshold"": 4.467410373687743, ""is_unknown"": 1, ""reject_reason"": ""low_confidence+far_from_centroid"", ""engine_ready"": true, ""engine_error"": """"}",benign,unknown,0.5377134680747986,0.5398888796567917,5.053356170654297,4.467410373687743,low_confidence+far_from_centroid,unknown,osr,0.5377134680747986,0.85,"157.55.39.66 - - [22/Oct/2021:04:40:19 -0700] ""GET /robots.txt HTTP/1.1"" 200 377 ""-"" ""Mozilla/5.0 (compatible; bingbot/2.0; +http://www.bing.com/bingbot.htm)"" ",METHOD=GET PATH=/robots.txt QUERY= PROTOCOL=HTTP/1.1,5,0.0012660197,unknown_cluster_05,2
apache_log_access.log_20260420_153020,apache_54,apache_log,0,,,no apache rule matched,0.15,0.68,webhawk_pca_dbscan,midterm-0.3,0,backend=webhawk_core; eps=0.1500; cluster=9; cluster_size=102; cluster_normal=1; heuristic=special_tokens=8,1,textcnn_osr_hardneg75,"{""pred_label"": ""benign"", ""final_label"": ""unknown"", ""max_prob"": 0.5377134680747986, ""dist_to_pred_centroid"": 5.053356170654297, ""prob_threshold"": 0.5398888796567917, ""class_distance_threshold"": 4.467410373687743, ""is_unknown"": 1, ""reject_reason"": ""low_confidence+far_from_centroid"", ""engine_ready"": true, ""engine_error"": """"}",benign,unknown,0.5377134680747986,0.5398888796567917,5.053356170654297,4.467410373687743,low_confidence+far_from_centroid,unknown,osr,0.5377134680747986,0.85,"71.13.87.122 - - [22/Oct/2021:04:54:37 -0700] ""GET /robots.txt HTTP/1.1"" 301 495 ""-"" ""Mozilla/5.0 (compatible; MJ12bot/v1.4.8; http://mj12bot.com/)"" ",METHOD=GET PATH=/robots.txt QUERY= PROTOCOL=HTTP/1.1,5,0.0012660197,unknown_cluster_05,3
apache_log_access.log_20260420_153020,apache_55,apache_log,0,,,no apache rule matched,0.15,0.68,webhawk_pca_dbscan,midterm-0.3,0,backend=webhawk_core; eps=0.1500; cluster=9; cluster_size=102; cluster_normal=1; heuristic=special_tokens=8,1,textcnn_osr_hardneg75,"{""pred_label"": ""benign"", ""final_label"": ""unknown"", ""max_prob"": 0.5377134680747986, ""dist_to_pred_centroid"": 5.053356170654297, ""prob_threshold"": 0.5398888796567917, ""class_distance_threshold"": 4.467410373687743, ""is_unknown"": 1, ""reject_reason"": ""low_confidence+far_from_centroid"", ""engine_ready"": true, ""engine_error"": """"}",benign,unknown,0.5377134680747986,0.5398888796567917,5.053356170654297,4.467410373687743,low_confidence+far_from_centroid,unknown,osr,0.5377134680747986,0.85,"71.13.87.122 - - [22/Oct/2021:04:54:38 -0700] ""GET /robots.txt HTTP/1.1"" 200 377 ""-"" ""Mozilla/5.0 (compatible; MJ12bot/v1.4.8; http://mj12bot.com/)"" ",METHOD=GET PATH=/robots.txt QUERY= PROTOCOL=HTTP/1.1,5,0.0012660197,unknown_cluster_05,4
apache_log_access.log_20260420_153020,apache_92,apache_log,0,,,no apache rule matched,0.15,0.68,webhawk_pca_dbscan,midterm-0.3,0,backend=webhawk_core; eps=0.1500; cluster=9; cluster_size=102; cluster_normal=1; heuristic=special_tokens=8,1,textcnn_osr_hardneg75,"{""pred_label"": ""benign"", ""final_label"": ""unknown"", ""max_prob"": 0.5377134680747986, ""dist_to_pred_centroid"": 5.053356170654297, ""prob_threshold"": 0.5398888796567917, ""class_distance_threshold"": 4.467410373687743, ""is_unknown"": 1, ""reject_reason"": ""low_confidence+far_from_centroid"", ""engine_ready"": true, ""engine_error"": """"}",benign,unknown,0.5377134680747986,0.5398888796567917,5.053356170654297,4.467410373687743,low_confidence+far_from_centroid,unknown,osr,0.5377134680747986,0.85,"157.90.181.151 - - [22/Oct/2021:06:02:16 -0700] ""GET /robots.txt HTTP/1.1"" 200 377 ""-"" ""Mozilla/5.0 (compatible; BLEXBot/1.0; +http://webmeup-crawler.com/)"" ",METHOD=GET PATH=/robots.txt QUERY= PROTOCOL=HTTP/1.1,5,0.0012660197,unknown_cluster_05,5
apache_log_access.log_20260420_153020,apache_89,apache_log,0,,,no apache rule matched,0.15,0.68,webhawk_pca_dbscan,midterm-0.3,0,backend=webhawk_core; eps=0.1500; cluster=2; cluster_size=151; cluster_normal=1; heuristic=special_tokens=8,1,textcnn_osr_hardneg75,"{""pred_label"": ""suspicious_path_probe"", ""final_label"": ""unknown"", ""max_prob"": 0.4617648124694824, ""dist_to_pred_centroid"": 5.267197132110596, ""prob_threshold"": 0.5398888796567917, ""class_distance_threshold"": 5.560724353790283, ""is_unknown"": 1, ""reject_reason"": ""low_confidence"", ""engine_ready"": true, ""engine_error"": """"}",suspicious_path_probe,unknown,0.4617648124694824,0.5398888796567917,5.267197132110596,5.560724353790283,low_confidence,unknown,osr,0.4617648124694824,0.85,"51.222.253.8 - - [22/Oct/2021:05:52:38 -0700] ""GET /self.logs/access.log.2019-01-08.gz HTTP/1.1"" 200 24652 ""-"" ""Mozilla/5.0 (compatible; AhrefsBot/7.0; +http://ahrefs.com/robot/)"" ",METHOD=GET PATH=/self.logs/access.log.2019-01-08.gz QUERY= PROTOCOL=HTTP/1.1,6,0.02496811,unknown_cluster_06,1
apache_log_access.log_20260420_153020,apache_76,apache_log,0,,,no apache rule matched,0.15,0.68,webhawk_pca_dbscan,midterm-0.3,0,backend=webhawk_core; eps=0.1500; cluster=2; cluster_size=151; cluster_normal=1; heuristic=special_tokens=8,1,textcnn_osr_hardneg75,"{""pred_label"": ""suspicious_path_probe"", ""final_label"": ""unknown"", ""max_prob"": 0.45902368426322937, ""dist_to_pred_centroid"": 5.2997026443481445, ""prob_threshold"": 0.5398888796567917, ""class_distance_threshold"": 5.560724353790283, ""is_unknown"": 1, ""reject_reason"": ""low_confidence"", ""engine_ready"": true, ""engine_error"": """"}",suspicious_path_probe,unknown,0.4590236842632293,0.5398888796567917,5.2997026443481445,5.560724353790283,low_confidence,unknown,osr,0.4590236842632293,0.85,"51.222.253.1 - - [22/Oct/2021:05:17:20 -0700] ""GET /self.logs/access.log.2021-06-17.gz HTTP/1.1"" 200 28447 ""-"" ""Mozilla/5.0 (compatible; AhrefsBot/7.0; +http://ahrefs.com/robot/)"" ",METHOD=GET PATH=/self.logs/access.log.2021-06-17.gz QUERY= PROTOCOL=HTTP/1.1,6,0.028571514,unknown_cluster_06,2
apache_log_access.log_20260420_153020,apache_339,apache_log,0,,,no apache rule matched,0.15,0.68,webhawk_pca_dbscan,midterm-0.3,0,backend=webhawk_core; eps=0.1500; cluster=2; cluster_size=151; cluster_normal=1; heuristic=special_tokens=8,1,textcnn_osr_hardneg75,"{""pred_label"": ""suspicious_path_probe"", ""final_label"": ""unknown"", ""max_prob"": 0.4621824026107788, ""dist_to_pred_centroid"": 5.27977180480957, ""prob_threshold"": 0.5398888796567917, ""class_distance_threshold"": 5.560724353790283, ""is_unknown"": 1, ""reject_reason"": ""low_confidence"", ""engine_ready"": true, ""engine_error"": """"}",suspicious_path_probe,unknown,0.4621824026107788,0.5398888796567917,5.27977180480957,5.560724353790283,low_confidence,unknown,osr,0.4621824026107788,0.85,"51.222.253.12 - - [22/Oct/2021:12:30:43 -0700] ""GET /self.logs/access.log.2017-06-01.gz HTTP/1.1"" 200 19756 ""-"" ""Mozilla/5.0 (compatible; AhrefsBot/7.0; +http://ahrefs.com/robot/)"" ",METHOD=GET PATH=/self.logs/access.log.2017-06-01.gz QUERY= PROTOCOL=HTTP/1.1,6,0.02876502,unknown_cluster_06,3
apache_log_access.log_20260420_153020,apache_596,apache_log,0,,,no apache rule matched,0.15,0.68,webhawk_pca_dbscan,midterm-0.3,0,backend=webhawk_core; eps=0.1500; cluster=2; cluster_size=151; cluster_normal=1; heuristic=special_tokens=6,1,textcnn_osr_hardneg75,"{""pred_label"": ""suspicious_path_probe"", ""final_label"": ""unknown"", ""max_prob"": 0.45735472440719604, ""dist_to_pred_centroid"": 5.290152549743652, ""prob_threshold"": 0.5398888796567917, ""class_distance_threshold"": 5.560724353790283, ""is_unknown"": 1, ""reject_reason"": ""low_confidence"", ""engine_ready"": true, ""engine_error"": """"}",suspicious_path_probe,unknown,0.457354724407196,0.5398888796567917,5.290152549743652,5.560724353790283,low_confidence,unknown,osr,0.457354724407196,0.85,"78.180.53.247 - - [23/Oct/2021:00:29:30 -0700] ""GET /self.logs/access.log.2017-01-08.gz HTTP/1.1"" 200 14947 ""http://www.secrepo.com/self.logs/"" ""Mozilla/5.0 (Windows NT 6.2) AppleWebKit/537.36 (KHTML, like Gecko) Chrome/93.0.4577.82 Safari/537.36 OPR/79.0.4143.73"" ",METHOD=GET PATH=/self.logs/access.log.2017-01-08.gz QUERY= PROTOCOL=HTTP/1.1,6,0.029041043,unknown_cluster_06,4
apache_log_access.log_20260420_153020,apache_365,apache_log,0,,,no apache rule matched,0.15,0.68,webhawk_pca_dbscan,midterm-0.3,0,backend=webhawk_core; eps=0.1500; cluster=2; cluster_size=151; cluster_normal=1; heuristic=special_tokens=8,1,textcnn_osr_hardneg75,"{""pred_label"": ""suspicious_path_probe"", ""final_label"": ""unknown"", ""max_prob"": 0.4571034014225006, ""dist_to_pred_centroid"": 5.251237869262695, ""prob_threshold"": 0.5398888796567917, ""class_distance_threshold"": 5.560724353790283, ""is_unknown"": 1, ""reject_reason"": ""low_confidence"", ""engine_ready"": true, ""engine_error"": """"}",suspicious_path_probe,unknown,0.4571034014225006,0.5398888796567917,5.251237869262695,5.560724353790283,low_confidence,unknown,osr,0.4571034014225006,0.85,"51.222.253.11 - - [22/Oct/2021:13:57:48 -0700] ""GET /self.logs/access.log.2021-10-04.gz HTTP/1.1"" 200 12992 ""-"" ""Mozilla/5.0 (compatible; AhrefsBot/7.0; +http://ahrefs.com/robot/)"" ",METHOD=GET PATH=/self.logs/access.log.2021-10-04.gz QUERY= PROTOCOL=HTTP/1.1,6,0.02950509,unknown_cluster_06,5
apache_log_access.log_20260420_153020,apache_48,apache_log,0,,,no apache rule matched,0.35,0.68,webhawk_pca_dbscan,midterm-0.3,0,backend=webhawk_core; eps=0.1500; cluster=2; cluster_size=151; cluster_normal=1; heuristic=status=404; special_tokens=8,1,textcnn_osr_hardneg75,"{""pred_label"": ""benign"", ""final_label"": ""unknown"", ""max_prob"": 0.4169871509075165, ""dist_to_pred_centroid"": 5.963250637054443, ""prob_threshold"": 0.5398888796567917, ""class_distance_threshold"": 4.467410373687743, ""is_unknown"": 1, ""reject_reason"": ""low_confidence+far_from_centroid"", ""engine_ready"": true, ""engine_error"": """"}",benign,unknown,0.4169871509075165,0.5398888796567917,5.963250637054443,4.467410373687743,low_confidence+far_from_centroid,unknown,osr,0.4169871509075165,0.85,"116.179.37.59 - - [22/Oct/2021:04:49:06 -0700] ""GET /css/style.css HTTP/1.1"" 404 291 ""http://www.secrepo.com/"" ""Mozilla/5.0 (compatible; Baiduspider-render/2.0; +http://www.baidu.com/search/spider.html)"" ",METHOD=GET PATH=/css/style.css QUERY= PROTOCOL=HTTP/1.1,7,0.012259897,unknown_cluster_07,1
apache_log_access.log_20260420_153020,apache_195,apache_log,0,,,no apache rule matched,0.35,0.68,webhawk_pca_dbscan,midterm-0.3,0,backend=webhawk_core; eps=0.1500; cluster=2; cluster_size=151; cluster_normal=1; heuristic=status=404; special_tokens=7,1,textcnn_osr_hardneg75,"{""pred_label"": ""benign"", ""final_label"": ""unknown"", ""max_prob"": 0.4169871509075165, ""dist_to_pred_centroid"": 5.963250637054443, ""prob_threshold"": 0.5398888796567917, ""class_distance_threshold"": 4.467410373687743, ""is_unknown"": 1, ""reject_reason"": ""low_confidence+far_from_centroid"", ""engine_ready"": true, ""engine_error"": """"}",benign,unknown,0.4169871509075165,0.5398888796567917,5.963250637054443,4.467410373687743,low_confidence+far_from_centroid,unknown,osr,0.4169871509075165,0.85,"91.182.215.77 - - [22/Oct/2021:09:03:46 -0700] ""GET /css/style.css HTTP/1.1"" 404 305 ""http://www.secrepo.com/"" ""Mozilla/5.0 (Macintosh; Intel Mac OS X 10_15_7) AppleWebKit/605.1.15 (KHTML, like Gecko) Version/15.0 Safari/605.1.15"" ",METHOD=GET PATH=/css/style.css QUERY= PROTOCOL=HTTP/1.1,7,0.012259897,unknown_cluster_07,2
apache_log_access.log_20260420_153020,apache_51,apache_log,0,,,no apache rule matched,0.35,0.68,webhawk_pca_dbscan,midterm-0.3,0,backend=webhawk_core; eps=0.1500; cluster=2; cluster_size=151; cluster_normal=1; heuristic=status=404; special_tokens=9,1,textcnn_osr_hardneg75,"{""pred_label"": ""benign"", ""final_label"": ""unknown"", ""max_prob"": 0.4169871509075165, ""dist_to_pred_centroid"": 5.963250637054443, ""prob_threshold"": 0.5398888796567917, ""class_distance_threshold"": 4.467410373687743, ""is_unknown"": 1, ""reject_reason"": ""low_confidence+far_from_centroid"", ""engine_ready"": true, ""engine_error"": """"}",benign,unknown,0.4169871509075165,0.5398888796567917,5.963250637054443,4.467410373687743,low_confidence+far_from_centroid,unknown,osr,0.4169871509075165,0.85,"116.179.37.217 - - [22/Oct/2021:04:49:07 -0700] ""GET /css/style.css HTTP/1.1"" 404 291 ""http://www.secrepo.com/"" ""Mozilla/5.0 (iPhone; CPU iPhone OS 9_1 like Mac OS X) AppleWebKit/601.1.46 (KHTML, like Gecko) Version/9.0 Mobile/13B143 Safari/601.1 (compatible; Baiduspider-render/2.0; +http://www.baidu.com/search/spider.html)"" ",METHOD=GET PATH=/css/style.css QUERY= PROTOCOL=HTTP/1.1,7,0.012259927,unknown_cluster_07,3
apache_log_access.log_20260420_153020,apache_5,apache_log,0,,,no apache rule matched,0.35,0.68,webhawk_pca_dbscan,midterm-0.3,0,backend=webhawk_core; eps=0.1500; cluster=2; cluster_size=151; cluster_normal=1; heuristic=status=404; special_tokens=8,1,textcnn_osr_hardneg75,"{""pred_label"": ""benign"", ""final_label"": ""unknown"", ""max_prob"": 0.4169871509075165, ""dist_to_pred_centroid"": 5.963250637054443, ""prob_threshold"": 0.5398888796567917, ""class_distance_threshold"": 4.467410373687743, ""is_unknown"": 1, ""reject_reason"": ""low_confidence+far_from_centroid"", ""engine_ready"": true, ""engine_error"": """"}",benign,unknown,0.4169871509075165,0.5398888796567917,5.963250637054443,4.467410373687743,low_confidence+far_from_centroid,unknown,osr,0.4169871509075165,0.85,"116.86.203.45 - - [22/Oct/2021:02:50:49 -0700] ""GET /css/style.css HTTP/1.1"" 404 305 ""http://www.secrepo.com/"" ""Mozilla/5.0 (Windows NT 10.0; Win64; x64) AppleWebKit/537.36 (KHTML, like Gecko) Chrome/94.0.4606.81 Safari/537.36"" ",METHOD=GET PATH=/css/style.css QUERY= PROTOCOL=HTTP/1.1,7,0.012259927,unknown_cluster_07,4
apache_log_access.log_20260420_153020,apache_82,apache_log,0,,,no apache rule matched,0.35,0.68,webhawk_pca_dbscan,midterm-0.3,0,backend=webhawk_core; eps=0.1500; cluster=2; cluster_size=151; cluster_normal=1; heuristic=status=404; special_tokens=10,1,textcnn_osr_hardneg75,"{""pred_label"": ""benign"", ""final_label"": ""unknown"", ""max_prob"": 0.4169871509075165, ""dist_to_pred_centroid"": 5.963250637054443, ""prob_threshold"": 0.5398888796567917, ""class_distance_threshold"": 4.467410373687743, ""is_unknown"": 1, ""reject_reason"": ""low_confidence+far_from_centroid"", ""engine_ready"": true, ""engine_error"": """"}",benign,unknown,0.4169871509075165,0.5398888796567917,5.963250637054443,4.467410373687743,low_confidence+far_from_centroid,unknown,osr,0.4169871509075165,0.85,"66.249.66.86 - - [22/Oct/2021:05:32:48 -0700] ""GET /css/style.css HTTP/1.1"" 404 328 ""http://www.secrepo.com/"" ""Mozilla/5.0 (Linux; Android 6.0.1; Nexus 5X Build/MMB29P) AppleWebKit/537.36 (KHTML, like Gecko) Chrome/94.0.4606.81 Mobile Safari/537.36 (compatible; Googlebot/2.1; +http://www.google.com/bot.html)"" ",METHOD=GET PATH=/css/style.css QUERY= PROTOCOL=HTTP/1.1,7,0.012259927,unknown_cluster_07,5
apache_log_access.log_20260420_153020,apache_283,apache_log,0,,,no apache rule matched,0.15,0.68,webhawk_pca_dbscan,midterm-0.3,0,backend=webhawk_core; eps=0.1500; cluster=9; cluster_size=102; cluster_normal=1; heuristic=special_tokens=9,1,textcnn_osr_hardneg75,"{""pred_label"": ""suspicious_path_probe"", ""final_label"": ""unknown"", ""max_prob"": 0.3952479362487793, ""dist_to_pred_centroid"": 5.994900226593018, ""prob_threshold"": 0.5398888796567917, ""class_distance_threshold"": 5.560724353790283, ""is_unknown"": 1, ""reject_reason"": ""low_confidence+far_from_centroid"", ""engine_ready"": true, ""engine_error"": """"}",suspicious_path_probe,unknown,0.3952479362487793,0.5398888796567917,5.994900226593018,5.560724353790283,low_confidence+far_from_centroid,unknown,osr,0.3952479362487793,0.85,"173.231.60.198 - - [22/Oct/2021:11:49:10 -0700] ""GET /self.logs/2016/?C=D;O=A HTTP/1.1"" 200 7823 ""http://www.secrepo.com/"" ""Mozilla/5.0 (compatible; Adsbot/3.1; +https://seostar.co/robot/)"" ",METHOD=GET PATH=/self.logs/2016/ QUERY=C=D;O=A PROTOCOL=HTTP/1.1,8,0.04451603,unknown_cluster_08,1
apache_log_access.log_20260420_153020,apache_271,apache_log,0,,,no apache rule matched,0.78,0.68,webhawk_pca_dbscan,midterm-0.3,1,backend=webhawk_core; eps=0.1500; cluster=11; cluster_size=14; minority_cluster=1; heuristic=special_tokens=9,1,textcnn_osr_hardneg75,"{""pred_label"": ""suspicious_path_probe"", ""final_label"": ""unknown"", ""max_prob"": 0.4082556962966919, ""dist_to_pred_centroid"": 5.853207588195801, ""prob_threshold"": 0.5398888796567917, ""class_distance_threshold"": 5.560724353790283, ""is_unknown"": 1, ""reject_reason"": ""low_confidence+far_from_centroid"", ""engine_ready"": true, ""engine_error"": """"}",suspicious_path_probe,unknown,0.4082556962966919,0.5398888796567917,5.853207588195801,5.560724353790283,low_confidence+far_from_centroid,unknown,osr,0.4082556962966919,0.85,"173.231.60.198 - - [22/Oct/2021:11:48:06 -0700] ""GET /self.logs/?C=S;O=A HTTP/1.1"" 200 38285 ""http://www.secrepo.com/"" ""Mozilla/5.0 (compatible; Adsbot/3.1; +https://seostar.co/robot/)"" ",METHOD=GET PATH=/self.logs/ QUERY=C=S;O=A PROTOCOL=HTTP/1.1,8,0.044585414,unknown_cluster_08,2
apache_log_access.log_20260420_153020,apache_467,apache_log,0,,,no apache rule matched,0.78,0.68,webhawk_pca_dbscan,midterm-0.3,1,backend=webhawk_core; eps=0.1500; cluster=11; cluster_size=14; minority_cluster=1; heuristic=special_tokens=9,1,textcnn_osr_hardneg75,"{""pred_label"": ""suspicious_path_probe"", ""final_label"": ""unknown"", ""max_prob"": 0.4082556962966919, ""dist_to_pred_centroid"": 5.853207588195801, ""prob_threshold"": 0.5398888796567917, ""class_distance_threshold"": 5.560724353790283, ""is_unknown"": 1, ""reject_reason"": ""low_confidence+far_from_centroid"", ""engine_ready"": true, ""engine_error"": """"}",suspicious_path_probe,unknown,0.4082556962966919,0.5398888796567917,5.853207588195801,5.560724353790283,low_confidence+far_from_centroid,unknown,osr,0.4082556962966919,0.85,"157.90.181.151 - - [22/Oct/2021:15:52:36 -0700] ""GET /self.logs/?C=S;O=A HTTP/1.1"" 200 38322 ""-"" ""Mozilla/5.0 (compatible; BLEXBot/1.0; +http://webmeup-crawler.com/)"" ",METHOD=GET PATH=/self.logs/ QUERY=C=S;O=A PROTOCOL=HTTP/1.1,8,0.044585414,unknown_cluster_08,3
apache_log_access.log_20260420_153020,apache_268,apache_log,0,,,no apache rule matched,0.78,0.68,webhawk_pca_dbscan,midterm-0.3,1,backend=webhawk_core; eps=0.1500; cluster=11; cluster_size=14; minority_cluster=1; heuristic=special_tokens=9,1,textcnn_osr_hardneg75,"{""pred_label"": ""suspicious_path_probe"", ""final_label"": ""unknown"", ""max_prob"": 0.4057440757751465, ""dist_to_pred_centroid"": 5.904942512512207, ""prob_threshold"": 0.5398888796567917, ""class_distance_threshold"": 5.560724353790283, ""is_unknown"": 1, ""reject_reason"": ""low_confidence+far_from_centroid"", ""engine_ready"": true, ""engine_error"": """"}",suspicious_path_probe,unknown,0.4057440757751465,0.5398888796567917,5.904942512512207,5.560724353790283,low_confidence+far_from_centroid,unknown,osr,0.4057440757751465,0.85,"173.231.60.198 - - [22/Oct/2021:11:47:48 -0700] ""GET /self.logs/?C=D;O=A HTTP/1.1"" 200 32338 ""http://www.secrepo.com/"" ""Mozilla/5.0 (compatible; Adsbot/3.1; +https://seostar.co/robot/)"" ",METHOD=GET PATH=/self.logs/ QUERY=C=D;O=A PROTOCOL=HTTP/1.1,8,0.04546379,unknown_cluster_08,4
apache_log_access.log_20260420_153020,apache_464,apache_log,0,,,no apache rule matched,0.78,0.68,webhawk_pca_dbscan,midterm-0.3,1,backend=webhawk_core; eps=0.1500; cluster=11; cluster_size=14; minority_cluster=1; heuristic=special_tokens=9,1,textcnn_osr_hardneg75,"{""pred_label"": ""suspicious_path_probe"", ""final_label"": ""unknown"", ""max_prob"": 0.4057440757751465, ""dist_to_pred_centroid"": 5.904942512512207, ""prob_threshold"": 0.5398888796567917, ""class_distance_threshold"": 5.560724353790283, ""is_unknown"": 1, ""reject_reason"": ""low_confidence+far_from_centroid"", ""engine_ready"": true, ""engine_error"": """"}",suspicious_path_probe,unknown,0.4057440757751465,0.5398888796567917,5.904942512512207,5.560724353790283,low_confidence+far_from_centroid,unknown,osr,0.4057440757751465,0.85,"157.90.181.151 - - [22/Oct/2021:15:52:21 -0700] ""GET /self.logs/?C=D;O=A HTTP/1.1"" 200 32375 ""-"" ""Mozilla/5.0 (compatible; BLEXBot/1.0; +http://webmeup-crawler.com/)"" ",METHOD=GET PATH=/self.logs/ QUERY=C=D;O=A PROTOCOL=HTTP/1.1,8,0.04546379,unknown_cluster_08,5
apache_log_access.log_20260420_153020,apache_322,apache_log,0,,,no apache rule matched,0.95,0.68,webhawk_pca_dbscan,midterm-0.3,1,backend=webhawk_core; eps=0.1500; cluster=-1; cluster_size=22; noise_point=-1; heuristic=special_tokens=8,1,textcnn_osr_hardneg75,"{""pred_label"": ""command_exec"", ""final_label"": ""unknown"", ""max_prob"": 0.5237575769424438, ""dist_to_pred_centroid"": 2.826646566390991, ""prob_threshold"": 0.75, ""class_distance_threshold"": 2.8727237254381177, ""is_unknown"": 1, ""reject_reason"": ""low_confidence"", ""engine_ready"": true, ""engine_error"": """"}",command_exec,unknown,0.5237575769424438,0.75,2.826646566390991,2.8727237254381177,low_confidence,unknown,osr,0.5237575769424438,0.95,"125.78.229.99 - - [22/Oct/2021:12:27:05 -0700] ""POST /utility/convert/index.php?a=config&source=d7.2_x2.0 HTTP/1.1"" 418 746 ""http://www.secrepo.com/utility/convert/index.php?a=config&source=d7.2_x2.0"" ""Mozilla/5.0 (compatible; MSIE 10.0; Windows NT 6.2)"" ",METHOD=POST PATH=/utility/convert/index.php QUERY=a=config&source=d7.2_x2.0 PROTOCOL=HTTP/1.1,9,0.102183424,unknown_cluster_09,1
apache_log_access.log_20260420_153020,apache_210,apache_log,0,,,no apache rule matched,0.95,0.68,webhawk_pca_dbscan,midterm-0.3,1,backend=webhawk_core; eps=0.1500; cluster=-1; cluster_size=22; noise_point=-1; heuristic=status=404; long_path=47; special_tokens=8,1,textcnn_osr_hardneg75,"{""pred_label"": ""command_exec"", ""final_label"": ""unknown"", ""max_prob"": 0.5479199886322021, ""dist_to_pred_centroid"": 2.833559036254883, ""prob_threshold"": 0.75, ""class_distance_threshold"": 2.8727237254381177, ""is_unknown"": 1, ""reject_reason"": ""low_confidence"", ""engine_ready"": true, ""engine_error"": """"}",command_exec,unknown,0.5479199886322021,0.75,2.833559036254883,2.8727237254381177,low_confidence,unknown,osr,0.5479199886322021,0.95,"44.195.86.98 - - [22/Oct/2021:10:25:26 -0700] ""GET /sites/all/libraries/elfinder/elfinder.php.html HTTP/1.1"" 404 328 ""-"" ""Mozilla/5.0 (Windows NT 10.0; Win64; x64) AppleWebKit/537.36 (KHTML, like Gecko) Chrome/85.0.4183.102 Safari/537.36"" ",METHOD=GET PATH=/sites/all/libraries/elfinder/elfinder.php.html QUERY= PROTOCOL=HTTP/1.1,9,0.11449087,unknown_cluster_09,2
apache_log_access.log_20260420_153020,apache_318,apache_log,0,,,no apache rule matched,0.95,0.68,webhawk_pca_dbscan,midterm-0.3,1,backend=webhawk_core; eps=0.1500; cluster=-1; cluster_size=22; noise_point=-1; heuristic=status=404; special_tokens=8,1,textcnn_osr_hardneg75,"{""pred_label"": ""command_exec"", ""final_label"": ""unknown"", ""max_prob"": 0.42297348380088806, ""dist_to_pred_centroid"": 3.4249205589294434, ""prob_threshold"": 0.75, ""class_distance_threshold"": 2.8727237254381177, ""is_unknown"": 1, ""reject_reason"": ""low_confidence+far_from_centroid"", ""engine_ready"": true, ""engine_error"": """"}",command_exec,unknown,0.422973483800888,0.75,3.424920558929444,2.8727237254381177,low_confidence+far_from_centroid,unknown,osr,0.422973483800888,0.95,"125.78.229.99 - - [22/Oct/2021:12:27:04 -0700] ""GET /index.php?m=member&c=index&a=register&siteid=1 HTTP/1.1"" 404 305 ""http://www.secrepo.com/index.php?m=member&c=index&a=register&siteid=1"" ""Mozilla/5.0 (compatible; MSIE 10.0; Windows NT 6.2)"" ",METHOD=GET PATH=/index.php QUERY=m=member&c=index&a=register&siteid=1 PROTOCOL=HTTP/1.1,9,0.12026107,unknown_cluster_09,3
apache_log_access.log_20260420_153020,apache_317,apache_log,0,,,no apache rule matched,0.95,0.68,webhawk_pca_dbscan,midterm-0.3,1,backend=webhawk_core; eps=0.1500; cluster=-1; cluster_size=22; noise_point=-1; heuristic=status=404; long_path=58; special_tokens=8,1,textcnn_osr_hardneg75,"{""pred_label"": ""command_exec"", ""final_label"": ""unknown"", ""max_prob"": 0.6730175614356995, ""dist_to_pred_centroid"": 2.110018014907837, ""prob_threshold"": 0.75, ""class_distance_threshold"": 2.8727237254381177, ""is_unknown"": 1, ""reject_reason"": ""low_confidence"", ""engine_ready"": true, ""engine_error"": """"}",command_exec,unknown,0.6730175614356995,0.75,2.110018014907837,2.8727237254381177,low_confidence,unknown,osr,0.6730175614356995,0.95,"125.78.229.99 - - [22/Oct/2021:12:27:04 -0700] ""POST /FCKeditor/editor/filemanager/connectors/asp/connector.asp?Command=FileUpload&Type=File&CurrentFolder=%2F HTTP/1.1"" 404 328 ""http://www.secrepo.com/FCKeditor/editor/filemanager/connectors/asp/connector.asp?Command=FileUpload&Type=File&CurrentFolder=%2F"" ""Mozilla/5.0 (compatible; MSIE 10.0; Windows NT 6.2)"" ",METHOD=POST PATH=/FCKeditor/editor/filemanager/connectors/asp/connector.asp QUERY=Command=FileUpload&Type=File&CurrentFolder=%2F PROTOCOL=HTTP/1.1,9,0.14874107,unknown_cluster_09,4
apache_log_access.log_20260420_153020,apache_323,apache_log,0,,,no apache rule matched,0.78,0.68,webhawk_pca_dbscan,midterm-0.3,1,backend=webhawk_core; eps=0.1500; cluster=10; cluster_size=11; minority_cluster=1; heuristic=special_tokens=8,1,textcnn_osr_hardneg75,"{""pred_label"": ""command_exec"", ""final_label"": ""unknown"", ""max_prob"": 0.547547459602356, ""dist_to_pred_centroid"": 2.89054012298584, ""prob_threshold"": 0.75, ""class_distance_threshold"": 2.8727237254381177, ""is_unknown"": 1, ""reject_reason"": ""low_confidence+far_from_centroid"", ""engine_ready"": true, ""engine_error"": """"}",command_exec,unknown,0.547547459602356,0.75,2.89054012298584,2.8727237254381177,low_confidence+far_from_centroid,unknown,osr,0.547547459602356,0.85,"125.78.229.99 - - [22/Oct/2021:12:27:05 -0700] ""POST /utility/convert/data/config.inc.php HTTP/1.1"" 418 746 ""http://www.secrepo.com/utility/convert/data/config.inc.php"" ""Mozilla/5.0 (compatible; MSIE 10.0; Windows NT 6.2)"" ",METHOD=POST PATH=/utility/convert/data/config.inc.php QUERY= PROTOCOL=HTTP/1.1,9,0.15300532,unknown_cluster_09,5
apache_log_access.log_20260420_153020,apache_7,apache_log,0,,,no apache rule matched,0.78,0.68,webhawk_pca_dbscan,midterm-0.3,1,backend=webhawk_core; eps=0.1500; cluster=4; cluster_size=22; minority_cluster=1; heuristic=special_tokens=8,1,textcnn_osr_hardneg75,"{""pred_label"": ""command_exec"", ""final_label"": ""unknown"", ""max_prob"": 0.3487485349178314, ""dist_to_pred_centroid"": 4.2376017570495605, ""prob_threshold"": 0.75, ""class_distance_threshold"": 2.8727237254381177, ""is_unknown"": 1, ""reject_reason"": ""low_confidence+far_from_centroid"", ""engine_ready"": true, ""engine_error"": """"}",command_exec,unknown,0.3487485349178314,0.75,4.2376017570495605,2.8727237254381177,low_confidence+far_from_centroid,unknown,osr,0.3487485349178314,0.85,"116.86.203.45 - - [22/Oct/2021:02:50:49 -0700] ""GET /GitHub-Mark.png HTTP/1.1"" 200 7556 ""http://www.secrepo.com/"" ""Mozilla/5.0 (Windows NT 10.0; Win64; x64) AppleWebKit/537.36 (KHTML, like Gecko) Chrome/94.0.4606.81 Safari/537.36"" ",METHOD=GET PATH=/GitHub-Mark.png QUERY= PROTOCOL=HTTP/1.1,10,0.018443817,unknown_cluster_10,1
apache_log_access.log_20260420_153020,apache_46,apache_log,0,,,no apache rule matched,0.78,0.68,webhawk_pca_dbscan,midterm-0.3,1,backend=webhawk_core; eps=0.1500; cluster=4; cluster_size=22; minority_cluster=1; heuristic=special_tokens=8,1,textcnn_osr_hardneg75,"{""pred_label"": ""command_exec"", ""final_label"": ""unknown"", ""max_prob"": 0.3487485349178314, ""dist_to_pred_centroid"": 4.2376017570495605, ""prob_threshold"": 0.75, ""class_distance_threshold"": 2.8727237254381177, ""is_unknown"": 1, ""reject_reason"": ""low_confidence+far_from_centroid"", ""engine_ready"": true, ""engine_error"": """"}",command_exec,unknown,0.3487485349178314,0.75,4.2376017570495605,2.8727237254381177,low_confidence+far_from_centroid,unknown,osr,0.3487485349178314,0.85,"116.179.37.136 - - [22/Oct/2021:04:49:06 -0700] ""GET /GitHub-Mark.png HTTP/1.1"" 200 7519 ""http://www.secrepo.com/"" ""Mozilla/5.0 (compatible; Baiduspider-render/2.0; +http://www.baidu.com/search/spider.html)"" ",METHOD=GET PATH=/GitHub-Mark.png QUERY= PROTOCOL=HTTP/1.1,10,0.018443817,unknown_cluster_10,2
apache_log_access.log_20260420_153020,apache_50,apache_log,0,,,no apache rule matched,0.78,0.68,webhawk_pca_dbscan,midterm-0.3,1,backend=webhawk_core; eps=0.1500; cluster=4; cluster_size=22; minority_cluster=1; heuristic=special_tokens=9,1,textcnn_osr_hardneg75,"{""pred_label"": ""command_exec"", ""final_label"": ""unknown"", ""max_prob"": 0.3487485349178314, ""dist_to_pred_centroid"": 4.2376017570495605, ""prob_threshold"": 0.75, ""class_distance_threshold"": 2.8727237254381177, ""is_unknown"": 1, ""reject_reason"": ""low_confidence+far_from_centroid"", ""engine_ready"": true, ""engine_error"": """"}",command_exec,unknown,0.3487485349178314,0.75,4.2376017570495605,2.8727237254381177,low_confidence+far_from_centroid,unknown,osr,0.3487485349178314,0.85,"116.179.37.72 - - [22/Oct/2021:04:49:07 -0700] ""GET /GitHub-Mark.png HTTP/1.1"" 200 7519 ""http://www.secrepo.com/"" ""Mozilla/5.0 (iPhone; CPU iPhone OS 9_1 like Mac OS X) AppleWebKit/601.1.46 (KHTML, like Gecko) Version/9.0 Mobile/13B143 Safari/601.1 (compatible; Baiduspider-render/2.0; +http://www.baidu.com/search/spider.html)"" ",METHOD=GET PATH=/GitHub-Mark.png QUERY= PROTOCOL=HTTP/1.1,10,0.018443817,unknown_cluster_10,3
apache_log_access.log_20260420_153020,apache_71,apache_log,0,,,no apache rule matched,0.78,0.68,webhawk_pca_dbscan,midterm-0.3,1,backend=webhawk_core; eps=0.1500; cluster=4; cluster_size=22; minority_cluster=1; heuristic=special_tokens=7,1,textcnn_osr_hardneg75,"{""pred_label"": ""command_exec"", ""final_label"": ""unknown"", ""max_prob"": 0.3487485349178314, ""dist_to_pred_centroid"": 4.2376017570495605, ""prob_threshold"": 0.75, ""class_distance_threshold"": 2.8727237254381177, ""is_unknown"": 1, ""reject_reason"": ""low_confidence+far_from_centroid"", ""engine_ready"": true, ""engine_error"": """"}",command_exec,unknown,0.3487485349178314,0.75,4.2376017570495605,2.8727237254381177,low_confidence+far_from_centroid,unknown,osr,0.3487485349178314,0.85,"35.40.124.17 - - [22/Oct/2021:05:09:23 -0700] ""GET /GitHub-Mark.png HTTP/1.1"" 200 7533 ""http://www.secrepo.com/"" ""Mozilla/5.0 (Macintosh; Intel Mac OS X 10_15_7) AppleWebKit/605.1.15 (KHTML, like Gecko) Version/15.0 Safari/605.1.15"" ",METHOD=GET PATH=/GitHub-Mark.png QUERY= PROTOCOL=HTTP/1.1,10,0.018443817,unknown_cluster_10,4
apache_log_access.log_20260420_153020,apache_117,apache_log,0,,,no apache rule matched,0.78,0.68,webhawk_pca_dbscan,midterm-0.3,1,backend=webhawk_core; eps=0.1500; cluster=4; cluster_size=22; minority_cluster=1; heuristic=special_tokens=9,1,textcnn_osr_hardneg75,"{""pred_label"": ""command_exec"", ""final_label"": ""unknown"", ""max_prob"": 0.3487485349178314, ""dist_to_pred_centroid"": 4.2376017570495605, ""prob_threshold"": 0.75, ""class_distance_threshold"": 2.8727237254381177, ""is_unknown"": 1, ""reject_reason"": ""low_confidence+far_from_centroid"", ""engine_ready"": true, ""engine_error"": """"}",command_exec,unknown,0.3487485349178314,0.75,4.2376017570495605,2.8727237254381177,low_confidence+far_from_centroid,unknown,osr,0.3487485349178314,0.85,"93.174.144.91 - - [22/Oct/2021:06:59:18 -0700] ""GET /GitHub-Mark.png HTTP/1.1"" 200 7556 ""-"" ""Mozilla/5.0 (Windows NT 10.0; Win64; x64; rv:78.0) Gecko/20100101 Firefox/78.0"" ",METHOD=GET PATH=/GitHub-Mark.png QUERY= PROTOCOL=HTTP/1.1,10,0.018443817,unknown_cluster_10,5
apache_log_access.log_20260420_153020,apache_8,apache_log,0,,,no apache rule matched,0.15,0.68,webhawk_pca_dbscan,midterm-0.3,0,backend=webhawk_core; eps=0.1500; cluster=2; cluster_size=151; cluster_normal=1; heuristic=special_tokens=8,1,textcnn_osr_hardneg75,"{""pred_label"": ""benign"", ""final_label"": ""unknown"", ""max_prob"": 0.47987058758735657, ""dist_to_pred_centroid"": 5.096369743347168, ""prob_threshold"": 0.5398888796567917, ""class_distance_threshold"": 4.467410373687743, ""is_unknown"": 1, ""reject_reason"": ""low_confidence+far_from_centroid"", ""engine_ready"": true, ""engine_error"": """"}",benign,unknown,0.4798705875873565,0.5398888796567917,5.096369743347168,4.467410373687743,low_confidence+far_from_centroid,unknown,osr,0.4798705875873565,0.85,"116.86.203.45 - - [22/Oct/2021:02:50:50 -0700] ""GET /bootstrap/img/favicon.ico HTTP/1.1"" 200 690 ""http://www.secrepo.com/"" ""Mozilla/5.0 (Windows NT 10.0; Win64; x64) AppleWebKit/537.36 (KHTML, like Gecko) Chrome/94.0.4606.81 Safari/537.36"" ",METHOD=GET PATH=/bootstrap/img/favicon.ico QUERY= PROTOCOL=HTTP/1.1,11,1.6798129e-08,unknown_cluster_11,1
apache_log_access.log_20260420_153020,apache_73,apache_log,0,,,no apache rule matched,0.15,0.68,webhawk_pca_dbscan,midterm-0.3,0,backend=webhawk_core; eps=0.1500; cluster=2; cluster_size=151; cluster_normal=1; heuristic=special_tokens=7,1,textcnn_osr_hardneg75,"{""pred_label"": ""benign"", ""final_label"": ""unknown"", ""max_prob"": 0.47987058758735657, ""dist_to_pred_centroid"": 5.096369743347168, ""prob_threshold"": 0.5398888796567917, ""class_distance_threshold"": 4.467410373687743, ""is_unknown"": 1, ""reject_reason"": ""low_confidence+far_from_centroid"", ""engine_ready"": true, ""engine_error"": """"}",benign,unknown,0.4798705875873565,0.5398888796567917,5.096369743347168,4.467410373687743,low_confidence+far_from_centroid,unknown,osr,0.4798705875873565,0.85,"35.40.124.17 - - [22/Oct/2021:05:09:24 -0700] ""GET /bootstrap/img/favicon.ico HTTP/1.1"" 200 713 ""http://www.secrepo.com/"" ""Mozilla/5.0 (Macintosh; Intel Mac OS X 10_15_7) AppleWebKit/605.1.15 (KHTML, like Gecko) Version/15.0 Safari/605.1.15"" ",METHOD=GET PATH=/bootstrap/img/favicon.ico QUERY= PROTOCOL=HTTP/1.1,11,1.6798129e-08,unknown_cluster_11,2
apache_log_access.log_20260420_153020,apache_106,apache_log,0,,,no apache rule matched,0.15,0.68,webhawk_pca_dbscan,midterm-0.3,0,backend=webhawk_core; eps=0.1500; cluster=2; cluster_size=151; cluster_normal=1; heuristic=special_tokens=9,1,textcnn_osr_hardneg75,"{""pred_label"": ""benign"", ""final_label"": ""unknown"", ""max_prob"": 0.47987058758735657, ""dist_to_pred_centroid"": 5.096369743347168, ""prob_threshold"": 0.5398888796567917, ""class_distance_threshold"": 4.467410373687743, ""is_unknown"": 1, ""reject_reason"": ""low_confidence+far_from_centroid"", ""engine_ready"": true, ""engine_error"": """"}",benign,unknown,0.4798705875873565,0.5398888796567917,5.096369743347168,4.467410373687743,low_confidence+far_from_centroid,unknown,osr,0.4798705875873565,0.85,"66.249.82.157 - - [22/Oct/2021:06:16:05 -0700] ""GET /bootstrap/img/favicon.ico HTTP/1.1"" 200 713 ""-"" ""Mozilla/5.0 (Windows NT 10.0; Win64; x64; rv:93.0) Gecko/20100101 Firefox/93.0,gzip(gfe)"" ",METHOD=GET PATH=/bootstrap/img/favicon.ico QUERY= PROTOCOL=HTTP/1.1,11,1.6798129e-08,unknown_cluster_11,3
apache_log_access.log_20260420_153020,apache_129,apache_log,0,,,no apache rule matched,0.15,0.68,webhawk_pca_dbscan,midterm-0.3,0,backend=webhawk_core; eps=0.1500; cluster=2; cluster_size=151; cluster_normal=1; heuristic=special_tokens=8,1,textcnn_osr_hardneg75,"{""pred_label"": ""benign"", ""final_label"": ""unknown"", ""max_prob"": 0.47987058758735657, ""dist_to_pred_centroid"": 5.096369743347168, ""prob_threshold"": 0.5398888796567917, ""class_distance_threshold"": 4.467410373687743, ""is_unknown"": 1, ""reject_reason"": ""low_confidence+far_from_centroid"", ""engine_ready"": true, ""engine_error"": """"}",benign,unknown,0.4798705875873565,0.5398888796567917,5.096369743347168,4.467410373687743,low_confidence+far_from_centroid,unknown,osr,0.4798705875873565,0.85,"89.46.62.174 - - [22/Oct/2021:07:34:56 -0700] ""GET /bootstrap/img/favicon.ico HTTP/1.1"" 200 690 ""-"" ""Mozilla/5.0 (X11; Linux x86_64; rv:78.0) Gecko/20100101 Firefox/78.0"" ",METHOD=GET PATH=/bootstrap/img/favicon.ico QUERY= PROTOCOL=HTTP/1.1,11,1.6798129e-08,unknown_cluster_11,4
apache_log_access.log_20260420_153020,apache_190,apache_log,0,,,no apache rule matched,0.15,0.68,webhawk_pca_dbscan,midterm-0.3,0,backend=webhawk_core; eps=0.1500; cluster=2; cluster_size=151; cluster_normal=1; heuristic=special_tokens=7,1,textcnn_osr_hardneg75,"{""pred_label"": ""benign"", ""final_label"": ""unknown"", ""max_prob"": 0.47987058758735657, ""dist_to_pred_centroid"": 5.096369743347168, ""prob_threshold"": 0.5398888796567917, ""class_distance_threshold"": 4.467410373687743, ""is_unknown"": 1, ""reject_reason"": ""low_confidence+far_from_centroid"", ""engine_ready"": true, ""engine_error"": """"}",benign,unknown,0.4798705875873565,0.5398888796567917,5.096369743347168,4.467410373687743,low_confidence+far_from_centroid,unknown,osr,0.4798705875873565,0.85,"103.138.73.177 - - [22/Oct/2021:08:42:39 -0700] ""GET /bootstrap/img/favicon.ico HTTP/1.1"" 200 713 ""http://www.secrepo.com/"" ""Mozilla/5.0 (X11; Linux x86_64) AppleWebKit/537.36 (KHTML, like Gecko) Chrome/93.0.4577.82 Safari/537.36"" ",METHOD=GET PATH=/bootstrap/img/favicon.ico QUERY= PROTOCOL=HTTP/1.1,11,1.6798129e-08,unknown_cluster_11,5
