text,pred_label,max_prob,dist_to_pred_centroid,class_distance_threshold,is_unknown,final_label,reject_reason
"GET /css/style.css HTTP/1.1 STATUS=404 BYTES=305 REF=""http://www.secrepo.com/"" UA=""Mozilla/5.0 (Windows NT 10.0; Win64; x64) AppleWebKit/537.36 (KHTML, like Gecko) Chrome/94.0.4606.81 Safari/537.36""",benign,0.5135824680328369,1.9702156782150269,2.809997141361236,0,benign,accepted
"GET /twitter-icon.png HTTP/1.1 STATUS=200 BYTES=27916 REF=""http://www.secrepo.com/"" UA=""Mozilla/5.0 (Windows NT 10.0; Win64; x64) AppleWebKit/537.36 (KHTML, like Gecko) Chrome/94.0.4606.81 Safari/537.36""",benign,0.5014730095863342,2.054980993270874,2.809997141361236,0,benign,accepted
"GET /GitHub-Mark.png HTTP/1.1 STATUS=200 BYTES=7556 REF=""http://www.secrepo.com/"" UA=""Mozilla/5.0 (Windows NT 10.0; Win64; x64) AppleWebKit/537.36 (KHTML, like Gecko) Chrome/94.0.4606.81 Safari/537.36""",benign,0.4939802587032318,1.9805214405059814,2.809997141361236,0,benign,accepted
"GET /bootstrap/img/favicon.ico HTTP/1.1 STATUS=200 BYTES=690 REF=""http://www.secrepo.com/"" UA=""Mozilla/5.0 (Windows NT 10.0; Win64; x64) AppleWebKit/537.36 (KHTML, like Gecko) Chrome/94.0.4606.81 Safari/537.36""",benign,0.5131064057350159,2.0720038414001465,2.809997141361236,0,benign,accepted
"GET /css/style.css HTTP/1.1 STATUS=404 BYTES=328 REF=""http://www.secrepo.com/"" UA=""Mozilla/5.0 (Macintosh; Intel Mac OS X 10_15_7) AppleWebKit/605.1.15 (KHTML, like Gecko) Version/15.0 Safari/605.1.15""",benign,0.5466510057449341,2.022340774536133,2.809997141361236,0,benign,accepted
"GET /css/style.css HTTP/1.1 STATUS=404 BYTES=328 UA=""Mozilla/5.0 (Windows NT 10.0; Win64; x64; rv:93.0) Gecko/20100101 Firefox/93.0,gzip(gfe)""",benign,0.46167394518852234,1.9718636274337769,2.809997141361236,0,benign,accepted
"GET /css/style.css HTTP/1.1 STATUS=404 BYTES=305 REF=""http://www.secrepo.com/"" UA=""Mozilla/5.0 (X11; Linux x86_64; rv:78.0) Gecko/20100101 Firefox/78.0""",benign,0.5001934170722961,1.8811445236206055,2.809997141361236,0,benign,accepted
"GET /css/style.css HTTP/1.1 STATUS=404 BYTES=328 REF=""http://www.secrepo.com/"" UA=""Mozilla/5.0 (iPhone; CPU iPhone OS 9_1 like Mac OS X) AppleWebKit/601.1.46 (KHTML, like Gecko) Version/9.0 Mobile/13B143 Safari/601.1""",benign,0.5430408716201782,2.1086668968200684,2.809997141361236,0,benign,accepted
"GET /css/style.css HTTP/1.1 STATUS=404 BYTES=305 REF=""http://www.secrepo.com/"" UA=""Mozilla/5.0 (X11; Linux x86_64) AppleWebKit/537.36 (KHTML, like Gecko) Chrome/93.0.4577.82 Safari/537.36""",benign,0.5130769610404968,2.0568530559539795,2.809997141361236,0,benign,accepted
"GET /domaindata/domainmovement.zip HTTP/1.1 STATUS=200 BYTES=7437792 UA=""Mozilla/5.0 (Windows NT 10.0; Win64; x64) AppleWebKit/537.36 (KHTML, like Gecko) Chrome/94.0.4606.81 Safari/537.36 Edg/94.0.992.47""",benign,0.46437740325927734,2.0763440132141113,2.809997141361236,0,benign,accepted
"GET /domaindata/domainmovement.zip HTTP/1.1 STATUS=200 BYTES=7437792 REF=""http://www.secrepo.com/"" UA=""Mozilla/5.0 (X11; Ubuntu; Linux x86_64; rv:93.0) Gecko/20100101 Firefox/93.0""",benign,0.47434207797050476,2.044113874435425,2.809997141361236,0,benign,accepted
"GET /css/style.css HTTP/1.1 STATUS=404 BYTES=328 REF=""http://www.secrepo.com/"" UA=""Mozilla/5.0 (iPhone; CPU iPhone OS 14_8 like Mac OS X) AppleWebKit/605.1.15 (KHTML, like Gecko) CriOS/94.0.4606.76 Mobile/15E148 Safari/604.1""",benign,0.5262357592582703,2.14904522895813,2.809997141361236,0,benign,accepted
"GET /css/style.css HTTP/1.1 STATUS=404 BYTES=328 REF=""http://www.secrepo.com/"" UA=""Mozilla/5.0 (Macintosh; Intel Mac OS X 10_13_6) AppleWebKit/537.36 (KHTML, like Gecko) Chrome/94.0.4606.81 Safari/537.36""",benign,0.5251848101615906,2.0532426834106445,2.809997141361236,0,benign,accepted
"GET /plus/mytag_js.php?dopost=saveedit&arrs1[]=99&arrs1[]=102&arrs1[]=103&arrs1[]=95&arrs1[]=100&arrs1[]=98&arrs1[]=112&arrs1[]=114&arrs1[]=101&arrs1[]=102&arrs1[]=105&arrs1[]=120&arrs2[]=109&arrs2[]=121&arrs2[]=116&arrs2[]=97&arrs2[]=103&arrs2[]=96&arrs2[]=32&arrs2[]=40&arrs2[]=97&arrs2[]=105&arrs2[]=100&arrs2[]=44&arrs2[]=110&arrs2[]=111&arrs2[]=114&arrs2[]=109&arrs2[]=98&arrs2[]=111&arrs2[]=100&arrs2[]=121&arrs2[]=41&arrs2[]=32&arrs2[]=86&arrs2[]=65&arrs2[]=76&arrs2[]=85&arrs2[]=69&arrs2[]=83&arrs2[]=40&arrs2[]=57&arrs2[]=48&arrs2[]=57&arrs2[]=48&arrs2[]=44&arrs2[]=39&arrs2[]=60&arrs2[]=63&arrs2[]=112&arrs2[]=104&arrs2[]=112&arrs2[]=32&arrs2[]=101&arrs2[]=99&arrs2[]=104&arrs2[]=111&arrs2[]=32&arrs2[]=39&arrs2[]=39&arrs2[]=100&arrs2[]=101&arrs2[]=100&arrs2[]=101&arrs2[]=99&arrs2[]=109&arrs2[]=115&arrs2[]=32&arrs2[]=53&arrs2[]=46&arrs2[]=55&arrs2[]=32&arrs2[]=48&arrs2[]=100&arrs2[]=97&arrs2[]=121&arrs2[]=60&arrs2[]=98&arrs2[]=114&arrs2[]=62&arrs2[]=103&arrs2[]=117&arrs2[]=105&arrs2[]=103&arrs2[]=101&arrs2[]=44&arrs2[]=32&arrs2[]=57&arrs2[]=48&arrs2[]=115&arrs2[]=101&arrs2[]=99&arrs2[]=46&arrs2[]=111&arrs2[]=114&arrs2[]=103&arrs2[]=39&arrs2[]=39&arrs2[]=59&arrs2[]=64&arrs2[]=112&arrs2[]=114&arrs2[]=101&arrs2[]=103&arrs2[]=95&arrs2[]=114&arrs2[]=101&arrs2[]=112&arrs2[]=108&arrs2[]=97&arrs2[]=99&arrs2[]=101&arrs2[]=40&arrs2[]=39&arrs2[]=39&arrs2[]=47&arrs2[]=91&arrs2[]=99&arrs2[]=111&arrs2[]=112&arrs2[]=121&arrs2[]=114&arrs2[]=105&arrs2[]=103&arrs2[]=104&arrs2[]=116&arrs2[]=93&arrs2[]=47&arrs2[]=101&arrs2[]=39&arrs2[]=39&arrs2[]=44&arrs2[]=36&arrs2[]=95&arrs2[]=82&arrs2[]=69&arrs2[]=81&arrs2[]=85&arrs2[]=69&arrs2[]=83&arrs2[]=84&arrs2[]=91&arrs2[]=39&arrs2[]=39&arrs2[]=103&arrs2[]=117&arrs2[]=105&arrs2[]=103&arrs2[]=101&arrs2[]=39&arrs2[]=39&arrs2[]=93&arrs2[]=44&arrs2[]=39&arrs2[]=39&arrs2[]=101&arrs2[]=114&arrs2[]=114&arrs2[]=111&arrs2[]=114&arrs2[]=39&arrs2[]=39&arrs2[]=41&arrs2[]=59&arrs2[]=63&arrs2[]=62&arrs2[]=39&arrs2[]=41&arrs2[]=59&arrs2[]=0 HTTP/1.1 STATUS=404 BYTES=305 REF=""http://www.secrepo.com/plus/mytag_js.php?dopost=saveedit&arrs1[]=99&arrs1[]=102&arrs1[]=103&arrs1[]=95&arrs1[]=100&arrs1[]=98&arrs1[]=112&arrs1[]=114&arrs1[]=101&arrs1[]=102&arrs1[]=105&arrs1[]=120&arrs2[]=109&arrs2[]=121&arrs2[]=116&arrs2[]=97&arrs2[]=103&arrs2[]=96&arrs2[]=32&arrs2[]=40&arrs2[]=97&arrs2[]=105&arrs2[]=100&arrs2[]=44&arrs2[]=110&arrs2[]=111&arrs2[]=114&arrs2[]=109&arrs2[]=98&arrs2[]=111&arrs2[]=100&arrs2[]=121&arrs2[]=41&arrs2[]=32&arrs2[]=86&arrs2[]=65&arrs2[]=76&arrs2[]=85&arrs2[]=69&arrs2[]=83&arrs2[]=40&arrs2[]=57&arrs2[]=48&arrs2[]=57&arrs2[]=48&arrs2[]=44&arrs2[]=39&arrs2[]=60&arrs2[]=63&arrs2[]=112&arrs2[]=104&arrs2[]=112&arrs2[]=32&arrs2[]=101&arrs2[]=99&arrs2[]=104&arrs2[]=111&arrs2[]=32&arrs2[]=39&arrs2[]=39&arrs2[]=100&arrs2[]=101&arrs2[]=100&arrs2[]=101&arrs2[]=99&arrs2[]=109&arrs2[]=115&arrs2[]=32&arrs2[]=53&arrs2[]=46&arrs2[]=55&arrs2[]=32&arrs2[]=48&arrs2[]=100&arrs2[]=97&arrs2[]=121&arrs2[]=60&arrs2[]=98&arrs2[]=114&arrs2[]=62&arrs2[]=103&arrs2[]=117&arrs2[]=105&arrs2[]=103&arrs2[]=101&arrs2[]=44&arrs2[]=32&arrs2[]=57&arrs2[]=48&arrs2[]=115&arrs2[]=101&arrs2[]=99&arrs2[]=46&arrs2[]=111&arrs2[]=114&arrs2[]=103&arrs2[]=39&arrs2[]=39&arrs2[]=59&arrs2[]=64&arrs2[]=112&arrs2[]=114&arrs2[]=101&arrs2[]=103&arrs2[]=95&arrs2[]=114&arrs2[]=101&arrs2[]=112&arrs2[]=108&arrs2[]=97&arrs2[]=99&arrs2[]=101&arrs2[]=40&arrs2[]=39&arrs2[]=39&arrs2[]=47&arrs2[]=91&arrs2[]=99&arrs2[]=111&arrs2[]=112&arrs2[]=121&arrs2[]=114&arrs2[]=105&arrs2[]=103&arrs2[]=104&arrs2[]=116&arrs2[]=93&arrs2[]=47&arrs2[]=101&arrs2[]=39&arrs2[]=39&arrs2[]=44&arrs2[]=36&arrs2[]=95&arrs2[]=82&arrs2[]=69&arrs2[]=81&arrs2[]=85&arrs2[]=69&arrs2[]=83&arrs2[]=84&arrs2[]=91&arrs2[]=39&arrs2[]=39&arrs2[]=103&arrs2[]=117&arrs2[]=105&arrs2[]=103&arrs2[]=101&arrs2[]=39&arrs2[]=39&arrs2[]=93&arrs2[]=44&arrs2[]=39&arrs2[]=39&arrs2[]=101&arrs2[]=114&arrs2[]=114&arrs2[]=111&arrs2[]=114&arrs2[]=39&arrs2[]=39&arrs2[]=41&arrs2[]=59&arrs2[]=63&arrs2[]=62&arrs2[]=39&arrs2[]=41&arrs2[]=59&arrs2[]=0"" UA=""Mozilla/5.0 (compatible; MSIE 10.0; Windows NT 6.2)""",benign,0.5024375319480896,2.6090288162231445,2.809997141361236,0,benign,accepted
"GET /plus/download.php?open=1&arrs1[]=99&arrs1[]=102&arrs1[]=103&arrs1[]=95&arrs1[]=100&arrs1[]=98&arrs1[]=112&arrs1[]=114&arrs1[]=101&arrs1[]=102&arrs1[]=105&arrs1[]=120&arrs2[]=109&arrs2[]=121&arrs2[]=97&arrs2[]=100&arrs2[]=96&arrs2[]=32&arrs2[]=83&arrs2[]=69&arrs2[]=84&arrs2[]=32&arrs2[]=96&arrs2[]=110&arrs2[]=111&arrs2[]=114&arrs2[]=109&arrs2[]=98&arrs2[]=111&arrs2[]=100&arrs2[]=121&arrs2[]=96&arrs2[]=32&arrs2[]=61&arrs2[]=32&arrs2[]=39&arrs2[]=60&arrs2[]=63&arrs2[]=112&arrs2[]=104&arrs2[]=112&arrs2[]=32&arrs2[]=102&arrs2[]=105&arrs2[]=108&arrs2[]=101&arrs2[]=95&arrs2[]=112&arrs2[]=117&arrs2[]=116&arrs2[]=95&arrs2[]=99&arrs2[]=111&arrs2[]=110&arrs2[]=116&arrs2[]=101&arrs2[]=110&arrs2[]=116&arrs2[]=115&arrs2[]=40&arrs2[]=39&arrs2[]=39&arrs2[]=109&arrs2[]=111&arrs2[]=111&arrs2[]=110&arrs2[]=46&arrs2[]=112&arrs2[]=104&arrs2[]=112&arrs2[]=39&arrs2[]=39&arrs2[]=44&arrs2[]=39&arrs2[]=39&arrs2[]=60&arrs2[]=63&arrs2[]=112&arrs2[]=104&arrs2[]=112&arrs2[]=32&arrs2[]=101&arrs2[]=118&arrs2[]=97&arrs2[]=108&arrs2[]=40&ar HTTP/1.1 STATUS=418 BYTES=746 REF=""http://www.secrepo.com/plus/download.php?open=1&arrs1[]=99&arrs1[]=102&arrs1[]=103&arrs1[]=95&arrs1[]=100&arrs1[]=98&arrs1[]=112&arrs1[]=114&arrs1[]=101&arrs1[]=102&arrs1[]=105&arrs1[]=120&arrs2[]=109&arrs2[]=121&arrs2[]=97&arrs2[]=100&arrs2[]=96&arrs2[]=32&arrs2[]=83&arrs2[]=69&arrs2[]=84&arrs2[]=32&arrs2[]=96&arrs2[]=110&arrs2[]=111&arrs2[]=114&arrs2[]=109&arrs2[]=98&arrs2[]=111&arrs2[]=100&arrs2[]=121&arrs2[]=96&arrs2[]=32&arrs2[]=61&arrs2[]=32&arrs2[]=39&arrs2[]=60&arrs2[]=63&arrs2[]=112&arrs2[]=104&arrs2[]=112&arrs2[]=32&arrs2[]=102&arrs2[]=105&arrs2[]=108&arrs2[]=101&arrs2[]=95&arrs2[]=112&arrs2[]=117&arrs2[]=116&arrs2[]=95&arrs2[]=99&arrs2[]=111&arrs2[]=110&arrs2[]=116&arrs2[]=101&arrs2[]=110&arrs2[]=116&arrs2[]=115&arrs2[]=40&arrs2[]=39&arrs2[]=39&arrs2[]=109&arrs2[]=111&arrs2[]=111&arrs2[]=110&arrs2[]=46&arrs2[]=112&arrs2[]=104&arrs2[]=112&arrs2[]=39&arrs2[]=39&arrs2[]=44&arrs2[]=39&arrs2[]=39&arrs2[]=60&arrs2[]=63&arrs2[]=112&arrs2[]=104&arrs2[]=112&arrs2[]=32&arrs2[]=101&arrs2[]=118&arrs2[]=97&arrs2[]=108&arrs2[]=40&ar"" UA=""Mozilla/5.0 (compatible; MSIE 10.0; Windows NT 6.2)""",benign,0.5119499564170837,2.6579768657684326,2.809997141361236,0,benign,accepted
"GET /css/style.css HTTP/1.1 STATUS=404 BYTES=305 REF=""http://www.secrepo.com/"" UA=""Mozilla/5.0 (X11; Linux x86_64) AppleWebKit/537.36 (KHTML, like Gecko) Chrome/94.0.4606.81 Safari/537.36""",benign,0.5128246545791626,2.000492572784424,2.809997141361236,0,benign,accepted
"GET /css/style.css HTTP/1.1 STATUS=404 BYTES=305 REF=""http://www.secrepo.com/"" UA=""Mozilla/5.0 (X11; Linux x86_64) AppleWebKit/537.36 (KHTML, like Gecko) Chrome/94.0.4606.81 Safari/537.36""",benign,0.5128246545791626,2.000492572784424,2.809997141361236,0,benign,accepted
"GET /css/style.css HTTP/1.1 STATUS=404 BYTES=328 REF=""http://www.secrepo.com/"" UA=""Mozilla/5.0 (X11; Linux x86_64) AppleWebKit/537.36 (KHTML, like Gecko) Chrome/94.0.4606.81 Safari/537.36""",benign,0.5141459107398987,1.9852142333984375,2.809997141361236,0,benign,accepted
"GET /misc/zeus_dga_domains.txt.zip HTTP/1.1 STATUS=304 BYTES=265 UA=""Java/1.6.0_24""",benign,0.4249756634235382,2.5438053607940674,2.809997141361236,1,unknown,low_confidence
"GET /css/style.css HTTP/1.1 STATUS=404 BYTES=305 REF=""http://www.secrepo.com/"" UA=""Mozilla/5.0 (Windows NT 10.0; Win64; x64) AppleWebKit/537.36 (KHTML, like Gecko) Chrome/94.0.4606.81 Safari/537.36""",benign,0.5135824680328369,1.9702156782150269,2.809997141361236,0,benign,accepted
"GET /twitter-icon.png HTTP/1.1 STATUS=200 BYTES=27893 REF=""http://www.secrepo.com/"" UA=""Mozilla/5.0 (Windows NT 10.0; Win64; x64) AppleWebKit/537.36 (KHTML, like Gecko) Chrome/94.0.4606.81 Safari/537.36""",benign,0.5118193030357361,2.0883536338806152,2.809997141361236,0,benign,accepted
"GET /GitHub-Mark.png HTTP/1.1 STATUS=200 BYTES=7556 REF=""http://www.secrepo.com/"" UA=""Mozilla/5.0 (Windows NT 10.0; Win64; x64) AppleWebKit/537.36 (KHTML, like Gecko) Chrome/94.0.4606.81 Safari/537.36""",benign,0.4939802587032318,1.9805214405059814,2.809997141361236,0,benign,accepted
"GET /bootstrap/img/favicon.ico HTTP/1.1 STATUS=200 BYTES=690 REF=""http://www.secrepo.com/"" UA=""Mozilla/5.0 (Windows NT 10.0; Win64; x64) AppleWebKit/537.36 (KHTML, like Gecko) Chrome/94.0.4606.81 Safari/537.36""",benign,0.5131064057350159,2.0720038414001465,2.809997141361236,0,benign,accepted
"GET /css/style.css HTTP/1.1 STATUS=404 BYTES=291 REF=""http://www.secrepo.com/"" UA=""Mozilla/5.0 (Windows NT 10.0; Win64; x64) AppleWebKit/537.36 (KHTML, like Gecko) Chrome/91.0.4472.101 Safari/537.36""",benign,0.5343278050422668,1.9967814683914185,2.809997141361236,0,benign,accepted
"GET /twitter-icon.png HTTP/1.1 STATUS=200 BYTES=27879 REF=""http://www.secrepo.com/"" UA=""Mozilla/5.0 (Windows NT 10.0; Win64; x64) AppleWebKit/537.36 (KHTML, like Gecko) Chrome/91.0.4472.101 Safari/537.36""",benign,0.5193139910697937,2.110877275466919,2.809997141361236,0,benign,accepted
"GET /GitHub-Mark.png HTTP/1.1 STATUS=200 BYTES=7519 REF=""http://www.secrepo.com/"" UA=""Mozilla/5.0 (Windows NT 10.0; Win64; x64) AppleWebKit/537.36 (KHTML, like Gecko) Chrome/91.0.4472.101 Safari/537.36""",benign,0.5102643370628357,2.0027873516082764,2.809997141361236,0,benign,accepted
"GET /bootstrap/img/favicon.ico HTTP/1.1 STATUS=200 BYTES=676 REF=""http://www.secrepo.com/"" UA=""Mozilla/5.0 (Windows NT 10.0; Win64; x64) AppleWebKit/537.36 (KHTML, like Gecko) Chrome/91.0.4472.101 Safari/537.36""",benign,0.5270268321037292,2.097717761993408,2.809997141361236,0,benign,accepted
"GET /css/style.css HTTP/1.1 STATUS=404 BYTES=305 REF=""http://www.secrepo.com/"" UA=""Mozilla/5.0 (iPhone; CPU iPhone OS 14_7_1 like Mac OS X) AppleWebKit/605.1.15 (KHTML, like Gecko) Version/14.1.2 Mobile/15E148 Safari/604.1""",benign,0.5341102480888367,2.1298084259033203,2.809997141361236,0,benign,accepted
"GET /css/style.css HTTP/1.1 STATUS=404 BYTES=328 REF=""http://www.secrepo.com/"" UA=""Mozilla/5.0 (X11; Linux x86_64) AppleWebKit/537.36 (KHTML, like Gecko) Chrome/93.0.4577.82 Safari/537.36""",benign,0.5148208141326904,2.0361409187316895,2.809997141361236,0,benign,accepted
"GET /twitter-icon.png HTTP/1.1 STATUS=200 BYTES=27893 REF=""http://www.secrepo.com/"" UA=""Mozilla/5.0 (Windows NT 10.0; Win64; x64) AppleWebKit/537.36 (KHTML, like Gecko) Chrome/95.0.4638.54 Safari/537.36""",benign,0.512651801109314,2.0782721042633057,2.809997141361236,0,benign,accepted
"GET /GitHub-Mark.png HTTP/1.1 STATUS=200 BYTES=7533 REF=""http://www.secrepo.com/"" UA=""Mozilla/5.0 (Windows NT 10.0; Win64; x64) AppleWebKit/537.36 (KHTML, like Gecko) Chrome/95.0.4638.54 Safari/537.36""",benign,0.4937022924423218,1.9829723834991455,2.809997141361236,0,benign,accepted
"GET /bootstrap/img/favicon.ico HTTP/1.1 STATUS=200 BYTES=690 REF=""http://www.secrepo.com/"" UA=""Mozilla/5.0 (Windows NT 10.0; Win64; x64) AppleWebKit/537.36 (KHTML, like Gecko) Chrome/95.0.4638.54 Safari/537.36""",benign,0.5149569511413574,2.058655023574829,2.809997141361236,0,benign,accepted
"GET /data HTTP/1.1 STATUS=404 BYTES=328 REF=""http://www.secrepo.com/"" UA=""Mozilla/5.0 (Macintosh; Intel Mac OS X 10_13_4) AppleWebKit/537.36 (KHTML, like Gecko) Chrome/67.0.3396.87 Safari/537.36""",benign,0.5192195773124695,1.858074426651001,2.809997141361236,0,benign,accepted
"GET /ftp://download.iwlab.foi.se/dataset/ HTTP/1.1 STATUS=404 BYTES=328 REF=""http://www.secrepo.com/"" UA=""Mozilla/5.0 (Macintosh; Intel Mac OS X 10_13_4) AppleWebKit/537.36 (KHTML, like Gecko) Chrome/67.0.3396.87 Safari/537.36""",benign,0.5220304727554321,2.062211751937866,2.809997141361236,0,benign,accepted
"GET /css/style.css HTTP/1.1 STATUS=404 BYTES=305 REF=""http://www.secrepo.com/"" UA=""Mozilla/5.0 (Windows NT 10.0; Win64; x64; rv:93.0) Gecko/20100101 Firefox/93.0""",benign,0.4985973834991455,1.8527016639709473,2.809997141361236,0,benign,accepted
"GET /twitter-icon.png HTTP/1.1 STATUS=200 BYTES=27916 REF=""http://www.secrepo.com/"" UA=""Mozilla/5.0 (Windows NT 10.0; Win64; x64; rv:93.0) Gecko/20100101 Firefox/93.0""",benign,0.4814753234386444,1.9257843494415283,2.809997141361236,0,benign,accepted
"GET /GitHub-Mark.png HTTP/1.1 STATUS=200 BYTES=7556 REF=""http://www.secrepo.com/"" UA=""Mozilla/5.0 (Windows NT 10.0; Win64; x64; rv:93.0) Gecko/20100101 Firefox/93.0""",benign,0.4834641218185425,1.8965651988983154,2.809997141361236,0,benign,accepted
"GET /bootstrap/img/favicon.ico HTTP/1.1 STATUS=200 BYTES=690 REF=""http://www.secrepo.com/"" UA=""Mozilla/5.0 (Windows NT 10.0; Win64; x64; rv:93.0) Gecko/20100101 Firefox/93.0""",benign,0.5046781897544861,1.9115278720855713,2.809997141361236,0,benign,accepted
"GET /css/style.css HTTP/1.1 STATUS=404 BYTES=305 REF=""http://www.secrepo.com/"" UA=""Mozilla/5.0 (Macintosh; Intel Mac OS X 10_15_7) AppleWebKit/537.36 (KHTML, like Gecko) Chrome/95.0.4638.54 Safari/537.36""",benign,0.532059371471405,2.0980377197265625,2.809997141361236,0,benign,accepted
"GET /GitHub-Mark.png HTTP/1.1 STATUS=200 BYTES=7529 REF=""http://www.secrepo.com/"" UA=""Mozilla/5.0 (Windows NT 10.0; Win64; x64) AppleWebKit/537.36 (KHTML, like Gecko) Chrome/107.0.0.0 Safari/537.36""",benign,0.4987996518611908,1.8859814405441284,2.809997141361236,0,benign,accepted
"GET /css/style.css HTTP/1.1 STATUS=404 BYTES=301 REF=""http://www.secrepo.com/"" UA=""Mozilla/5.0 (Windows NT 10.0; Win64; x64) AppleWebKit/537.36 (KHTML, like Gecko) Chrome/107.0.0.0 Safari/537.36""",benign,0.5150547623634338,1.8564306497573853,2.809997141361236,0,benign,accepted
"GET /twitter-icon.png HTTP/1.1 STATUS=200 BYTES=27889 REF=""http://www.secrepo.com/"" UA=""Mozilla/5.0 (Windows NT 10.0; Win64; x64) AppleWebKit/537.36 (KHTML, like Gecko) Chrome/107.0.0.0 Safari/537.36""",benign,0.5175386667251587,2.0135929584503174,2.809997141361236,0,benign,accepted
"GET /css/style.css HTTP/1.1 STATUS=404 BYTES=301 REF=""http://www.secrepo.com/"" UA=""Mozilla/5.0 (Windows NT 10.0; Win64; x64) AppleWebKit/537.36 (KHTML, like Gecko) Chrome/107.0.0.0 Safari/537.36""",benign,0.5150547623634338,1.8564306497573853,2.809997141361236,0,benign,accepted
"GET /GitHub-Mark.png HTTP/1.1 STATUS=200 BYTES=7529 REF=""http://www.secrepo.com/"" UA=""Mozilla/5.0 (Windows NT 10.0; Win64; x64) AppleWebKit/537.36 (KHTML, like Gecko) Chrome/107.0.0.0 Safari/537.36""",benign,0.4987996518611908,1.8859814405441284,2.809997141361236,0,benign,accepted
"GET /twitter-icon.png HTTP/1.1 STATUS=200 BYTES=27889 REF=""http://www.secrepo.com/"" UA=""Mozilla/5.0 (Windows NT 10.0; Win64; x64) AppleWebKit/537.36 (KHTML, like Gecko) Chrome/107.0.0.0 Safari/537.36""",benign,0.5175386667251587,2.0135929584503174,2.809997141361236,0,benign,accepted
"GET /css/style.css HTTP/1.1 STATUS=404 BYTES=315 REF=""http://www.secrepo.com/"" UA=""Mozilla/5.0 (iPhone; CPU iPhone OS 16_2 like Mac OS X) AppleWebKit/605.1.15 (KHTML, like Gecko) Version/16.2 Mobile/15E148 Safari/604.1""",benign,0.5383694767951965,2.133146047592163,2.809997141361236,0,benign,accepted
"GET /css/style.css HTTP/1.1 STATUS=404 BYTES=338 REF=""http://www.secrepo.com/"" UA=""Mozilla/5.0 (iPhone; CPU iPhone OS 16_2 like Mac OS X) AppleWebKit/605.1.15 (KHTML, like Gecko) Version/16.2 Mobile/15E148 Safari/604.1""",benign,0.537776529788971,2.1125741004943848,2.809997141361236,0,benign,accepted
"GET /twitter-icon.png HTTP/1.1 STATUS=200 BYTES=27903 REF=""http://www.secrepo.com/"" UA=""Mozilla/5.0 (Windows NT 10.0; Win64; x64) AppleWebKit/537.36 (KHTML, like Gecko) Chrome/108.0.0.0 Safari/537.36 Edg/108.0.1462.54""",benign,0.5054703950881958,2.0120925903320312,2.809997141361236,0,benign,accepted
"GET /GitHub-Mark.png HTTP/1.1 STATUS=200 BYTES=7566 REF=""http://www.secrepo.com/"" UA=""Mozilla/5.0 (Windows NT 10.0; Win64; x64) AppleWebKit/537.36 (KHTML, like Gecko) Chrome/108.0.0.0 Safari/537.36 Edg/108.0.1462.54""",benign,0.4981287121772766,2.0003139972686768,2.809997141361236,0,benign,accepted
"GET /bootstrap/img/favicon.ico HTTP/1.1 STATUS=200 BYTES=700 REF=""http://www.secrepo.com/"" UA=""Mozilla/5.0 (Windows NT 10.0; Win64; x64) AppleWebKit/537.36 (KHTML, like Gecko) Chrome/108.0.0.0 Safari/537.36 Edg/108.0.1462.54""",benign,0.5129382610321045,2.050861358642578,2.809997141361236,0,benign,accepted
"GET /css/style.css HTTP/1.1 STATUS=404 BYTES=315 REF=""http://www.secrepo.com/"" UA=""Mozilla/5.0 (X11; Linux x86_64) AppleWebKit/537.36 (KHTML, like Gecko) Chrome/107.0.0.0 Safari/537.36""",benign,0.5240329504013062,1.9125587940216064,2.809997141361236,0,benign,accepted
"GET /css/style.css HTTP/1.1 STATUS=404 BYTES=315 REF=""http://www.secrepo.com/"" UA=""Mozilla/5.0 (Macintosh; Intel Mac OS X 10_15_7) AppleWebKit/537.36 (KHTML, like Gecko) Chrome/108.0.0.0 Safari/537.36""",benign,0.5357709527015686,2.0392494201660156,2.809997141361236,0,benign,accepted
"GET /twitter-icon.png HTTP/1.1 STATUS=200 BYTES=27926 REF=""http://www.secrepo.com/"" UA=""Mozilla/5.0 (Windows NT 10.0; Win64; x64) AppleWebKit/537.36 (KHTML, like Gecko) Chrome/108.0.0.0 Safari/537.36""",benign,0.5063610672950745,1.9806382656097412,2.809997141361236,0,benign,accepted
"GET /GitHub-Mark.png HTTP/1.1 STATUS=200 BYTES=7566 REF=""http://www.secrepo.com/"" UA=""Mozilla/5.0 (Windows NT 10.0; Win64; x64) AppleWebKit/537.36 (KHTML, like Gecko) Chrome/108.0.0.0 Safari/537.36""",benign,0.4950752258300781,1.9122061729431152,2.809997141361236,0,benign,accepted
"GET /bootstrap/img/favicon.ico HTTP/1.1 STATUS=200 BYTES=700 REF=""http://www.secrepo.com/"" UA=""Mozilla/5.0 (Windows NT 10.0; Win64; x64) AppleWebKit/537.36 (KHTML, like Gecko) Chrome/108.0.0.0 Safari/537.36""",benign,0.5108398795127869,1.969824194908142,2.809997141361236,0,benign,accepted
"GET /css/style.css HTTP/1.1 STATUS=404 BYTES=301 REF=""http://www.secrepo.com/"" UA=""Mozilla/5.0 (Windows NT 10.0; Win64; x64) AppleWebKit/537.36 (KHTML, like Gecko) Chrome/107.0.0.0 Safari/537.36""",benign,0.5150547623634338,1.8564306497573853,2.809997141361236,0,benign,accepted
"GET /twitter-icon.png HTTP/1.1 STATUS=200 BYTES=27889 REF=""http://www.secrepo.com/"" UA=""Mozilla/5.0 (Windows NT 10.0; Win64; x64) AppleWebKit/537.36 (KHTML, like Gecko) Chrome/107.0.0.0 Safari/537.36""",benign,0.5175386667251587,2.0135929584503174,2.809997141361236,0,benign,accepted
"GET /GitHub-Mark.png HTTP/1.1 STATUS=200 BYTES=7529 REF=""http://www.secrepo.com/"" UA=""Mozilla/5.0 (Windows NT 10.0; Win64; x64) AppleWebKit/537.36 (KHTML, like Gecko) Chrome/107.0.0.0 Safari/537.36""",benign,0.4987996518611908,1.8859814405441284,2.809997141361236,0,benign,accepted
"GET /css/style.css HTTP/1.1 STATUS=404 BYTES=315 REF=""http://www.secrepo.com/"" UA=""Mozilla/5.0 (Linux; Android 12; EB2101) AppleWebKit/537.36 (KHTML, like Gecko) Chrome/108.0.0.0 Mobile Safari/537.36""",benign,0.5280070304870605,1.874353051185608,2.809997141361236,0,benign,accepted
"GET /css/style.css HTTP/1.1 STATUS=404 BYTES=294 REF=""http://www.secrepo.com/"" UA=""Mozilla/5.0 (Windows NT 10.0; WOW64) AppleWebKit/537.36 (KHTML, like Gecko) Chrome/100.0.4896.127 Safari/537.36 OPR/86.0.4363.50""",benign,0.5216835737228394,1.9226409196853638,2.809997141361236,0,benign,accepted
"GET  HTTP/1.1 STATUS=429 BYTES=430 REF=""http://secrepo.com"" UA=""Mozilla/5.0 (Windows NT 10.0; Win64; x64)""",benign,0.4631709158420563,2.0187952518463135,2.809997141361236,0,benign,accepted
"GET /twitter-icon.png HTTP/1.1 STATUS=200 BYTES=27903 REF=""http://www.secrepo.com/"" UA=""Mozilla/5.0 (Windows NT 10.0; Win64; x64) AppleWebKit/537.36 (KHTML, like Gecko) Chrome/108.0.0.0 Safari/537.36 Edg/108.0.1462.54""",benign,0.5054703950881958,2.0120925903320312,2.809997141361236,0,benign,accepted
"GET /css/style.css HTTP/1.1 STATUS=404 BYTES=338 REF=""http://www.secrepo.com/"" UA=""Mozilla/5.0 (Windows NT 10.0; Win64; x64) AppleWebKit/537.36 (KHTML, like Gecko) Chrome/108.0.0.0 Safari/537.36 Edg/108.0.1462.54""",benign,0.5186118483543396,1.9574124813079834,2.809997141361236,0,benign,accepted
"GET /GitHub-Mark.png HTTP/1.1 STATUS=200 BYTES=7566 REF=""http://www.secrepo.com/"" UA=""Mozilla/5.0 (Windows NT 10.0; Win64; x64) AppleWebKit/537.36 (KHTML, like Gecko) Chrome/108.0.0.0 Safari/537.36 Edg/108.0.1462.54""",benign,0.49812883138656616,2.000314474105835,2.809997141361236,0,benign,accepted
"GET /bootstrap/img/favicon.ico HTTP/1.1 STATUS=200 BYTES=700 REF=""http://www.secrepo.com/"" UA=""Mozilla/5.0 (Windows NT 10.0; Win64; x64) AppleWebKit/537.36 (KHTML, like Gecko) Chrome/108.0.0.0 Safari/537.36 Edg/108.0.1462.54""",benign,0.5129382610321045,2.050861358642578,2.809997141361236,0,benign,accepted
"GET /css/style.css HTTP/1.1 STATUS=404 BYTES=315 REF=""http://www.secrepo.com/"" UA=""Mozilla/5.0 (Macintosh; Intel Mac OS X 10_15_7) AppleWebKit/537.36 (KHTML, like Gecko) Chrome/108.0.0.0 Safari/537.36""",benign,0.5357709527015686,2.0392494201660156,2.809997141361236,0,benign,accepted
"GET /twitter-icon.png HTTP/1.1 STATUS=200 BYTES=27903 REF=""http://www.secrepo.com/"" UA=""Mozilla/5.0 (Windows NT 10.0; Win64; x64) AppleWebKit/537.36 (KHTML, like Gecko) Chrome/108.0.0.0 Safari/537.36""",benign,0.5028879046440125,1.9377378225326538,2.809997141361236,0,benign,accepted
"GET /GitHub-Mark.png HTTP/1.1 STATUS=200 BYTES=7566 REF=""http://www.secrepo.com/"" UA=""Mozilla/5.0 (Windows NT 10.0; Win64; x64) AppleWebKit/537.36 (KHTML, like Gecko) Chrome/108.0.0.0 Safari/537.36""",benign,0.4950752258300781,1.9122061729431152,2.809997141361236,0,benign,accepted
"GET /bootstrap/img/favicon.ico HTTP/1.1 STATUS=200 BYTES=700 REF=""http://www.secrepo.com/"" UA=""Mozilla/5.0 (Windows NT 10.0; Win64; x64) AppleWebKit/537.36 (KHTML, like Gecko) Chrome/108.0.0.0 Safari/537.36""",benign,0.5108398795127869,1.969824194908142,2.809997141361236,0,benign,accepted
"GET /twitter-icon.png HTTP/1.1 STATUS=200 BYTES=27903 REF=""http://www.secrepo.com/"" UA=""Mozilla/5.0 (Windows NT 10.0; Win64; x64) AppleWebKit/537.36 (KHTML, like Gecko) Chrome/108.0.0.0 Safari/537.36""",benign,0.5028879046440125,1.9377378225326538,2.809997141361236,0,benign,accepted
"GET /GitHub-Mark.png HTTP/1.1 STATUS=200 BYTES=7566 REF=""http://www.secrepo.com/"" UA=""Mozilla/5.0 (Windows NT 10.0; Win64; x64) AppleWebKit/537.36 (KHTML, like Gecko) Chrome/108.0.0.0 Safari/537.36""",benign,0.4950752258300781,1.9122061729431152,2.809997141361236,0,benign,accepted
"GET /css/style.css HTTP/1.1 STATUS=404 BYTES=338 REF=""http://www.secrepo.com/"" UA=""Mozilla/5.0 (iPhone; CPU iPhone OS 16_2 like Mac OS X) AppleWebKit/605.1.15 (KHTML, like Gecko) Version/16.2 Mobile/15E148 Safari/604.1""",benign,0.537776529788971,2.1125741004943848,2.809997141361236,0,benign,accepted
"HEAD /backups/website.tar HTTP/1.1 STATUS=404 BYTES=275 UA=""-""",benign,0.500826895236969,2.0569911003112793,2.809997141361236,0,benign,accepted
"HEAD /back/application.zip HTTP/1.1 STATUS=301 BYTES=187 UA=""-""",suspicious_path_probe,0.42338472604751587,2.3134374618530273,2.194364720582962,1,unknown,low_confidence+far_from_centroid
"HEAD /backups/web.zip HTTP/1.1 STATUS=301 BYTES=182 UA=""-""",suspicious_path_probe,0.4354728162288666,2.332165479660034,2.194364720582962,1,unknown,far_from_centroid
"HEAD /restore/www.zip HTTP/1.1 STATUS=301 BYTES=182 UA=""-""",benign,0.40193378925323486,2.5570015907287598,2.809997141361236,1,unknown,low_confidence
"HEAD /old/index.zip HTTP/1.1 STATUS=301 BYTES=180 UA=""-""",benign,0.385394811630249,2.539165496826172,2.809997141361236,1,unknown,low_confidence
"HEAD /old/index.zip HTTP/1.1 STATUS=404 BYTES=275 UA=""-""",benign,0.39538297057151794,2.4973909854888916,2.809997141361236,1,unknown,low_confidence
"HEAD /back/directory.gz HTTP/1.1 STATUS=404 BYTES=275 UA=""-""",benign,0.4469861686229706,2.3440167903900146,2.809997141361236,0,benign,accepted
"HEAD /restore/website.gz HTTP/1.1 STATUS=404 BYTES=275 UA=""-""",benign,0.49773064255714417,2.0448544025421143,2.809997141361236,0,benign,accepted
"HEAD /application.zip HTTP/1.1 STATUS=301 BYTES=182 UA=""-""",suspicious_path_probe,0.40857669711112976,2.3963022232055664,2.194364720582962,1,unknown,low_confidence+far_from_centroid
"HEAD /back/bak.zip HTTP/1.1 STATUS=301 BYTES=179 UA=""-""",suspicious_path_probe,0.41592371463775635,2.4354641437530518,2.194364720582962,1,unknown,low_confidence+far_from_centroid
"HEAD /restore/.bash_history HTTP/1.1 STATUS=404 BYTES=275 UA=""-""",benign,0.4840148091316223,2.0486814975738525,2.809997141361236,0,benign,accepted
"HEAD /bak/secrepo.com.tar.gz HTTP/1.1 STATUS=404 BYTES=275 UA=""-""",benign,0.5005980730056763,1.9967833757400513,2.809997141361236,0,benign,accepted
"HEAD /restore/config.js HTTP/1.1 STATUS=404 BYTES=275 UA=""-""",benign,0.4828401505947113,2.1466124057769775,2.809997141361236,0,benign,accepted
"HEAD /www.tar HTTP/1.1 STATUS=404 BYTES=275 UA=""-""",benign,0.49242907762527466,2.230801820755005,2.809997141361236,0,benign,accepted
"GET /twitter-icon.png HTTP/1.1 STATUS=200 BYTES=27926 REF=""http://www.secrepo.com/"" UA=""Mozilla/5.0 (Windows NT 10.0; Win64; x64) AppleWebKit/537.36 (KHTML, like Gecko) Chrome/108.0.0.0 Safari/537.36""",benign,0.5063610672950745,1.9806382656097412,2.809997141361236,0,benign,accepted
"GET /GitHub-Mark.png HTTP/1.1 STATUS=200 BYTES=7566 REF=""http://www.secrepo.com/"" UA=""Mozilla/5.0 (Windows NT 10.0; Win64; x64) AppleWebKit/537.36 (KHTML, like Gecko) Chrome/108.0.0.0 Safari/537.36""",benign,0.4950752258300781,1.9122061729431152,2.809997141361236,0,benign,accepted
"HEAD /public_html.tar.gz HTTP/1.1 STATUS=404 BYTES=275 UA=""-""",benign,0.45985329151153564,2.290050983428955,2.809997141361236,0,benign,accepted
"GET /bootstrap/img/favicon.ico HTTP/1.1 STATUS=200 BYTES=723 REF=""http://www.secrepo.com/"" UA=""Mozilla/5.0 (Windows NT 10.0; Win64; x64) AppleWebKit/537.36 (KHTML, like Gecko) Chrome/108.0.0.0 Safari/537.36""",benign,0.5126763582229614,1.9480664730072021,2.809997141361236,0,benign,accepted
"HEAD /back/www.tar HTTP/1.1 STATUS=404 BYTES=275 UA=""-""",benign,0.48953744769096375,2.097536563873291,2.809997141361236,0,benign,accepted
"HEAD /backups/backup.gz HTTP/1.1 STATUS=404 BYTES=275 UA=""-""",benign,0.4300169348716736,2.2305259704589844,2.809997141361236,0,benign,accepted
"HEAD /config.js HTTP/1.1 STATUS=404 BYTES=275 UA=""-""",benign,0.46934232115745544,2.3005759716033936,2.809997141361236,0,benign,accepted
"HEAD /old/website.tar HTTP/1.1 STATUS=404 BYTES=275 UA=""-""",benign,0.5097692608833313,2.0565781593322754,2.809997141361236,0,benign,accepted
"HEAD /back/.bash_history HTTP/1.1 STATUS=404 BYTES=275 UA=""-""",benign,0.4817178547382355,2.1064846515655518,2.809997141361236,0,benign,accepted
"HEAD /backups/www.sql HTTP/1.1 STATUS=404 BYTES=275 UA=""-""",benign,0.46638745069503784,2.0800225734710693,2.809997141361236,0,benign,accepted
"HEAD /bak/website.gz HTTP/1.1 STATUS=404 BYTES=275 UA=""-""",benign,0.491950660943985,2.1016149520874023,2.809997141361236,0,benign,accepted
"HEAD /bak/dump.sql HTTP/1.1 STATUS=404 BYTES=275 UA=""-""",benign,0.46592339873313904,2.0818023681640625,2.809997141361236,0,benign,accepted
"HEAD /backups/application.zip HTTP/1.1 STATUS=301 BYTES=190 UA=""-""",suspicious_path_probe,0.42477887868881226,2.2994627952575684,2.194364720582962,1,unknown,low_confidence+far_from_centroid
"HEAD /bak/directory.tar HTTP/1.1 STATUS=404 BYTES=275 UA=""-""",benign,0.4734044671058655,2.3124969005584717,2.809997141361236,0,benign,accepted
"HEAD /old/www.tar HTTP/1.1 STATUS=404 BYTES=275 UA=""-""",benign,0.48894110321998596,2.1496965885162354,2.809997141361236,0,benign,accepted
"HEAD /backups/directory.tar HTTP/1.1 STATUS=404 BYTES=275 UA=""-""",benign,0.4690108001232147,2.2571418285369873,2.809997141361236,0,benign,accepted
"HEAD /old/backup.sql.tar HTTP/1.1 STATUS=404 BYTES=275 UA=""-""",benign,0.4761694073677063,1.995255947113037,2.809997141361236,0,benign,accepted
"HEAD /bak/backup.sql.gz HTTP/1.1 STATUS=404 BYTES=275 UA=""-""",benign,0.45009753108024597,2.023625373840332,2.809997141361236,0,benign,accepted
"HEAD /backup.zip HTTP/1.1 STATUS=301 BYTES=177 UA=""-""",suspicious_path_probe,0.45802751183509827,2.2308096885681152,2.194364720582962,1,unknown,far_from_centroid
"HEAD /backups/bak.tar HTTP/1.1 STATUS=404 BYTES=275 UA=""-""",benign,0.47760921716690063,2.1561262607574463,2.809997141361236,0,benign,accepted
"HEAD /restore/backup.sql HTTP/1.1 STATUS=404 BYTES=275 UA=""-""",benign,0.4469820261001587,2.1170849800109863,2.809997141361236,0,benign,accepted
"HEAD /backups/index.zip HTTP/1.1 STATUS=301 BYTES=184 UA=""-""",suspicious_path_probe,0.4137001633644104,2.4168126583099365,2.194364720582962,1,unknown,low_confidence+far_from_centroid
"HEAD /old/public_html.gz HTTP/1.1 STATUS=404 BYTES=275 UA=""-""",benign,0.46814826130867004,2.104292869567871,2.809997141361236,0,benign,accepted
"HEAD /back/backup.sql HTTP/1.1 STATUS=404 BYTES=275 UA=""-""",benign,0.45027393102645874,2.1116561889648438,2.809997141361236,0,benign,accepted
"HEAD /backups/backup.sql.gz HTTP/1.1 STATUS=404 BYTES=275 UA=""-""",benign,0.4392000138759613,2.110131025314331,2.809997141361236,0,benign,accepted
"HEAD /directory.tar.gz HTTP/1.1 STATUS=404 BYTES=275 UA=""-""",benign,0.4351867735385895,2.489351987838745,2.809997141361236,0,benign,accepted
"HEAD /backups/www.gz HTTP/1.1 STATUS=404 BYTES=275 UA=""-""",benign,0.46196508407592773,2.1503336429595947,2.809997141361236,0,benign,accepted
"HEAD /old/web.zip HTTP/1.1 STATUS=301 BYTES=178 UA=""-""",suspicious_path_probe,0.4158272445201874,2.358614444732666,2.194364720582962,1,unknown,low_confidence+far_from_centroid
"HEAD /backup/mysql.sql HTTP/1.1 STATUS=404 BYTES=275 UA=""-""",benign,0.4374743402004242,2.2392475605010986,2.809997141361236,0,benign,accepted
"HEAD /old/config.js HTTP/1.1 STATUS=404 BYTES=275 UA=""-""",benign,0.46956872940063477,2.252486228942871,2.809997141361236,0,benign,accepted
"HEAD /old/public_html.zip HTTP/1.1 STATUS=404 BYTES=275 UA=""-""",benign,0.4258367717266083,2.2438347339630127,2.809997141361236,1,unknown,low_confidence
"HEAD /backup.sql.gz HTTP/1.1 STATUS=404 BYTES=275 UA=""-""",benign,0.4375677704811096,2.153658390045166,2.809997141361236,0,benign,accepted
"HEAD /backups/config.js HTTP/1.1 STATUS=404 BYTES=275 UA=""-""",benign,0.4615827798843384,2.20621395111084,2.809997141361236,0,benign,accepted
"HEAD /back/config.json HTTP/1.1 STATUS=404 BYTES=275 UA=""-""",benign,0.4758916199207306,2.1087353229522705,2.809997141361236,0,benign,accepted
"HEAD /bak/www.zip HTTP/1.1 STATUS=301 BYTES=178 UA=""-""",benign,0.41140657663345337,2.4103219509124756,2.809997141361236,1,unknown,low_confidence
"HEAD /backup/www.tar HTTP/1.1 STATUS=404 BYTES=275 UA=""-""",benign,0.4817148745059967,2.062581777572632,2.809997141361236,0,benign,accepted
"HEAD /bak/website.tar HTTP/1.1 STATUS=404 BYTES=275 UA=""-""",benign,0.5183951258659363,2.036092758178711,2.809997141361236,0,benign,accepted
"HEAD /old/bak.rar HTTP/1.1 STATUS=404 BYTES=275 UA=""-""",benign,0.4784219264984131,2.119171619415283,2.809997141361236,0,benign,accepted
"HEAD /bak.rar HTTP/1.1 STATUS=404 BYTES=275 UA=""-""",benign,0.4840354919433594,2.150182008743286,2.809997141361236,0,benign,accepted
"HEAD /restore/www.sql HTTP/1.1 STATUS=404 BYTES=275 UA=""-""",benign,0.4821772277355194,2.157167434692383,2.809997141361236,0,benign,accepted
"HEAD /bak/backup.gz HTTP/1.1 STATUS=404 BYTES=275 UA=""-""",benign,0.43988755345344543,2.208056926727295,2.809997141361236,0,benign,accepted
"HEAD /backups/www.tar.gz HTTP/1.1 STATUS=404 BYTES=275 UA=""-""",benign,0.47029247879981995,2.112429141998291,2.809997141361236,0,benign,accepted
"HEAD /website.gz HTTP/1.1 STATUS=404 BYTES=275 UA=""-""",benign,0.4793969690799713,2.2541306018829346,2.809997141361236,0,benign,accepted
"HEAD /old/wallet.dat HTTP/1.1 STATUS=404 BYTES=275 UA=""-""",benign,0.43536412715911865,2.4076473712921143,2.809997141361236,0,benign,accepted
"HEAD /backups/backup.sql HTTP/1.1 STATUS=404 BYTES=275 UA=""-""",benign,0.44402697682380676,2.1118338108062744,2.809997141361236,0,benign,accepted
"HEAD /back/www.tar.gz HTTP/1.1 STATUS=404 BYTES=275 UA=""-""",benign,0.46755656599998474,2.1293325424194336,2.809997141361236,0,benign,accepted
"HEAD /backups/www.rar HTTP/1.1 STATUS=404 BYTES=275 UA=""-""",benign,0.47840195894241333,2.045197010040283,2.809997141361236,0,benign,accepted
"HEAD /secrepo.com.gz HTTP/1.1 STATUS=404 BYTES=275 UA=""-""",benign,0.48339608311653137,2.2029428482055664,2.809997141361236,0,benign,accepted
"HEAD /backups/public_html.tar.gz HTTP/1.1 STATUS=404 BYTES=275 UA=""-""",benign,0.47507956624031067,2.0786876678466797,2.809997141361236,0,benign,accepted
"HEAD /bak/public_html.zip HTTP/1.1 STATUS=404 BYTES=275 UA=""-""",benign,0.4297734200954437,2.251004219055176,2.809997141361236,0,benign,accepted
"HEAD /restore/directory.tar HTTP/1.1 STATUS=404 BYTES=275 UA=""-""",benign,0.4609791338443756,2.23928165435791,2.809997141361236,0,benign,accepted
"HEAD /restore/backup.tar.gz HTTP/1.1 STATUS=404 BYTES=275 UA=""-""",benign,0.4540918171405792,2.13517689704895,2.809997141361236,0,benign,accepted
"HEAD /back/backup.sql.tar HTTP/1.1 STATUS=404 BYTES=275 UA=""-""",benign,0.47963500022888184,2.0068018436431885,2.809997141361236,0,benign,accepted
"HEAD /backups/credentials.txt HTTP/1.1 STATUS=404 BYTES=275 UA=""-""",benign,0.4545004665851593,2.335533380508423,2.809997141361236,0,benign,accepted
"HEAD /old/website.tar.gz HTTP/1.1 STATUS=404 BYTES=275 UA=""-""",benign,0.4930245578289032,2.1507270336151123,2.809997141361236,0,benign,accepted
"HEAD /backup/directory.tar HTTP/1.1 STATUS=404 BYTES=275 UA=""-""",benign,0.4646858870983124,2.2725486755371094,2.809997141361236,0,benign,accepted
"HEAD /backup/application.zip HTTP/1.1 STATUS=301 BYTES=189 UA=""-""",suspicious_path_probe,0.4241686165332794,2.3137991428375244,2.194364720582962,1,unknown,low_confidence+far_from_centroid
"HEAD /backups/sftp-config.json HTTP/1.1 STATUS=404 BYTES=275 UA=""-""",benign,0.4691694378852844,2.2095038890838623,2.809997141361236,0,benign,accepted
"HEAD /backup/index.zip HTTP/1.1 STATUS=301 BYTES=183 UA=""-""",suspicious_path_probe,0.40221017599105835,2.499263286590576,2.194364720582962,1,unknown,low_confidence+far_from_centroid
"HEAD /old/secrepo.com.rar HTTP/1.1 STATUS=404 BYTES=275 UA=""-""",benign,0.5061843991279602,2.0857014656066895,2.809997141361236,0,benign,accepted
"HEAD /backup/backup.tar.gz HTTP/1.1 STATUS=404 BYTES=275 UA=""-""",benign,0.4472671449184418,2.230630397796631,2.809997141361236,0,benign,accepted
"HEAD /backup.rar HTTP/1.1 STATUS=404 BYTES=275 UA=""-""",benign,0.4659588038921356,2.1957859992980957,2.809997141361236,0,benign,accepted
"HEAD /restore/bak.tar.gz HTTP/1.1 STATUS=404 BYTES=275 UA=""-""",benign,0.4652647376060486,2.074708938598633,2.809997141361236,0,benign,accepted
"HEAD /www.tar.gz HTTP/1.1 STATUS=404 BYTES=275 UA=""-""",benign,0.4705605208873749,2.245753526687622,2.809997141361236,0,benign,accepted
"HEAD /bak.zip HTTP/1.1 STATUS=301 BYTES=174 UA=""-""",suspicious_path_probe,0.42244428396224976,2.323575019836426,2.194364720582962,1,unknown,low_confidence+far_from_centroid
"HEAD /bak/sftp-config.json HTTP/1.1 STATUS=404 BYTES=275 UA=""-""",benign,0.48360201716423035,2.169907569885254,2.809997141361236,0,benign,accepted
"HEAD /back/wallet.dat HTTP/1.1 STATUS=404 BYTES=275 UA=""-""",benign,0.4299256503582001,2.411241292953491,2.809997141361236,0,benign,accepted
"HEAD /back/www.rar HTTP/1.1 STATUS=404 BYTES=275 UA=""-""",benign,0.47749748826026917,2.0768308639526367,2.809997141361236,0,benign,accepted
"HEAD /backups/directory.tar.gz HTTP/1.1 STATUS=404 BYTES=275 UA=""-""",benign,0.45188549160957336,2.2958459854125977,2.809997141361236,0,benign,accepted
"HEAD /restore/config.json HTTP/1.1 STATUS=404 BYTES=275 UA=""-""",benign,0.4832121431827545,2.1363091468811035,2.809997141361236,0,benign,accepted
"HEAD /config.json HTTP/1.1 STATUS=404 BYTES=275 UA=""-""",benign,0.4737045168876648,2.2833480834960938,2.809997141361236,0,benign,accepted
"HEAD /back/www.sql HTTP/1.1 STATUS=404 BYTES=275 UA=""-""",benign,0.4694525897502899,2.1116437911987305,2.809997141361236,0,benign,accepted
"HEAD /Archive.zip HTTP/1.1 STATUS=301 BYTES=178 UA=""-""",suspicious_path_probe,0.4023303687572479,2.4392364025115967,2.194364720582962,1,unknown,low_confidence+far_from_centroid
"HEAD /back/public_html.tar.gz HTTP/1.1 STATUS=404 BYTES=275 UA=""-""",benign,0.47161731123924255,2.1884076595306396,2.809997141361236,0,benign,accepted
"HEAD /restore/directory.rar HTTP/1.1 STATUS=404 BYTES=275 UA=""-""",benign,0.4538213312625885,2.3139841556549072,2.809997141361236,0,benign,accepted
"HEAD /old/secrepo.com.tar.gz HTTP/1.1 STATUS=404 BYTES=275 UA=""-""",benign,0.4946572780609131,2.108912706375122,2.809997141361236,0,benign,accepted
"HEAD /backup/secrepo.com.sql HTTP/1.1 STATUS=404 BYTES=275 UA=""-""",benign,0.48284122347831726,2.0046629905700684,2.809997141361236,0,benign,accepted
"HEAD /old/backup.sql HTTP/1.1 STATUS=404 BYTES=275 UA=""-""",benign,0.4432820677757263,2.118865489959717,2.809997141361236,0,benign,accepted
"HEAD /bak/backup.tar HTTP/1.1 STATUS=404 BYTES=275 UA=""-""",benign,0.47742992639541626,2.1902403831481934,2.809997141361236,0,benign,accepted
"HEAD /backup/secrepo.com.rar HTTP/1.1 STATUS=404 BYTES=275 UA=""-""",benign,0.49969619512557983,1.9831937551498413,2.809997141361236,0,benign,accepted
"HEAD /restore/website.rar HTTP/1.1 STATUS=404 BYTES=275 UA=""-""",benign,0.514786422252655,2.02128529548645,2.809997141361236,0,benign,accepted
"HEAD /website.tar HTTP/1.1 STATUS=404 BYTES=275 UA=""-""",benign,0.5059879422187805,2.16275954246521,2.809997141361236,0,benign,accepted
"HEAD /backup/backup.gz HTTP/1.1 STATUS=404 BYTES=275 UA=""-""",benign,0.42623287439346313,2.2338051795959473,2.809997141361236,1,unknown,low_confidence
"HEAD /ftpsync.settings HTTP/1.1 STATUS=404 BYTES=275 UA=""-""",benign,0.4701516926288605,2.4103877544403076,2.809997141361236,0,benign,accepted
"HEAD /backups/wallet.dat HTTP/1.1 STATUS=404 BYTES=275 UA=""-""",benign,0.430649071931839,2.379467725753784,2.809997141361236,0,benign,accepted
"HEAD /back/backup.tar.gz HTTP/1.1 STATUS=404 BYTES=275 UA=""-""",benign,0.4536510109901428,2.2902886867523193,2.809997141361236,0,benign,accepted
"HEAD /old/website.rar HTTP/1.1 STATUS=404 BYTES=275 UA=""-""",benign,0.50406813621521,2.1556944847106934,2.809997141361236,0,benign,accepted
"HEAD /backups/www.tar HTTP/1.1 STATUS=404 BYTES=275 UA=""-""",benign,0.4890839755535126,2.079455614089966,2.809997141361236,0,benign,accepted
"HEAD /restore/wallet.zip HTTP/1.1 STATUS=301 BYTES=185 UA=""-""",benign,0.3963465690612793,2.5640015602111816,2.809997141361236,1,unknown,low_confidence
"HEAD /restore/directory.tar.gz HTTP/1.1 STATUS=404 BYTES=275 UA=""-""",benign,0.44179898500442505,2.3325212001800537,2.809997141361236,0,benign,accepted
"HEAD /old/public_html.tar HTTP/1.1 STATUS=404 BYTES=275 UA=""-""",benign,0.4861883819103241,2.1173620223999023,2.809997141361236,0,benign,accepted
"HEAD /bak/www.gz HTTP/1.1 STATUS=404 BYTES=275 UA=""-""",benign,0.47293809056282043,2.0545151233673096,2.809997141361236,0,benign,accepted
"HEAD /backups/config.json HTTP/1.1 STATUS=404 BYTES=275 UA=""-""",benign,0.4647030234336853,2.185598373413086,2.809997141361236,0,benign,accepted
"HEAD /restore/website.tar HTTP/1.1 STATUS=404 BYTES=275 UA=""-""",benign,0.5191910862922668,1.9079806804656982,2.809997141361236,0,benign,accepted
"HEAD /old/website.gz HTTP/1.1 STATUS=404 BYTES=275 UA=""-""",benign,0.48254862427711487,2.171234369277954,2.809997141361236,0,benign,accepted
"HEAD /bak/public_html.tar.gz HTTP/1.1 STATUS=404 BYTES=275 UA=""-""",benign,0.47482430934906006,2.163851261138916,2.809997141361236,0,benign,accepted
"HEAD /old/backup.gz HTTP/1.1 STATUS=404 BYTES=275 UA=""-""",benign,0.42473044991493225,2.255214214324951,2.809997141361236,1,unknown,low_confidence
"HEAD /backup/bak.tar.gz HTTP/1.1 STATUS=404 BYTES=275 UA=""-""",benign,0.45434626936912537,2.1777126789093018,2.809997141361236,0,benign,accepted
"HEAD /restore/public_html.tar HTTP/1.1 STATUS=404 BYTES=275 UA=""-""",benign,0.4864356517791748,2.0580928325653076,2.809997141361236,0,benign,accepted
"HEAD /backups/public_html.tar HTTP/1.1 STATUS=404 BYTES=275 UA=""-""",benign,0.4871322214603424,2.008349657058716,2.809997141361236,0,benign,accepted
"HEAD /dump.sql HTTP/1.1 STATUS=404 BYTES=275 UA=""-""",benign,0.45446643233299255,2.3500771522521973,2.809997141361236,0,benign,accepted
"HEAD /restore/dump.sql HTTP/1.1 STATUS=404 BYTES=275 UA=""-""",benign,0.45665663480758667,2.236210584640503,2.809997141361236,0,benign,accepted
"HEAD /bak/backup.sql.tar HTTP/1.1 STATUS=404 BYTES=275 UA=""-""",benign,0.4834533631801605,1.947395920753479,2.809997141361236,0,benign,accepted
"HEAD /bak/config.js HTTP/1.1 STATUS=404 BYTES=275 UA=""-""",benign,0.47420185804367065,2.1296236515045166,2.809997141361236,0,benign,accepted
"HEAD /back/secrepo.com.gz HTTP/1.1 STATUS=404 BYTES=275 UA=""-""",benign,0.48812535405158997,2.0052742958068848,2.809997141361236,0,benign,accepted
"HEAD /backup/bak.rar HTTP/1.1 STATUS=404 BYTES=275 UA=""-""",benign,0.47791463136672974,2.0092155933380127,2.809997141361236,0,benign,accepted
"HEAD /back/secrepo.com.tar.gz HTTP/1.1 STATUS=404 BYTES=275 UA=""-""",benign,0.5023909211158752,1.9941601753234863,2.809997141361236,0,benign,accepted
"HEAD /backup/backup.sql.tar HTTP/1.1 STATUS=404 BYTES=275 UA=""-""",benign,0.4762565791606903,1.9877092838287354,2.809997141361236,0,benign,accepted
"HEAD /backup/www.rar HTTP/1.1 STATUS=404 BYTES=275 UA=""-""",benign,0.4715632200241089,2.0459201335906982,2.809997141361236,0,benign,accepted
"HEAD /backup/directory.gz HTTP/1.1 STATUS=404 BYTES=275 UA=""-""",benign,0.4387667775154114,2.2952144145965576,2.809997141361236,0,benign,accepted
"HEAD /backup/config.js HTTP/1.1 STATUS=404 BYTES=275 UA=""-""",benign,0.4613237679004669,2.2161457538604736,2.809997141361236,0,benign,accepted
"HEAD /old/bak.zip HTTP/1.1 STATUS=301 BYTES=178 UA=""-""",suspicious_path_probe,0.42392697930336,2.3280038833618164,2.194364720582962,1,unknown,low_confidence+far_from_centroid
"HEAD /old/backup.tar.gz HTTP/1.1 STATUS=404 BYTES=275 UA=""-""",benign,0.44773295521736145,2.262500762939453,2.809997141361236,0,benign,accepted
"HEAD /backup/bak.gz HTTP/1.1 STATUS=404 BYTES=275 UA=""-""",benign,0.42548465728759766,2.206786632537842,2.809997141361236,1,unknown,low_confidence
"HEAD /restore/www.rar HTTP/1.1 STATUS=404 BYTES=275 UA=""-""",benign,0.48455503582954407,2.0790648460388184,2.809997141361236,0,benign,accepted
"HEAD /backup.gz HTTP/1.1 STATUS=404 BYTES=275 UA=""-""",benign,0.4301699697971344,2.3175270557403564,2.809997141361236,0,benign,accepted
"HEAD /bak.tar HTTP/1.1 STATUS=404 BYTES=275 UA=""-""",benign,0.4827742576599121,2.2153215408325195,2.809997141361236,0,benign,accepted
"HEAD /old/directory.gz HTTP/1.1 STATUS=404 BYTES=275 UA=""-""",benign,0.4347708523273468,2.3875315189361572,2.809997141361236,0,benign,accepted
"HEAD /old/sql.sql HTTP/1.1 STATUS=404 BYTES=275 UA=""-""",benign,0.45389658212661743,2.2946155071258545,2.809997141361236,0,benign,accepted
"HEAD /bak/www.tar HTTP/1.1 STATUS=404 BYTES=275 UA=""-""",benign,0.4956788420677185,2.0159189701080322,2.809997141361236,0,benign,accepted
"HEAD /backups/public_html.gz HTTP/1.1 STATUS=404 BYTES=275 UA=""-""",benign,0.4707494378089905,2.0045857429504395,2.809997141361236,0,benign,accepted
"HEAD /restore/sql.sql HTTP/1.1 STATUS=404 BYTES=275 UA=""-""",benign,0.45543038845062256,2.1985702514648438,2.809997141361236,0,benign,accepted
"HEAD /bak/www.tar.gz HTTP/1.1 STATUS=404 BYTES=275 UA=""-""",benign,0.4768029451370239,2.0723514556884766,2.809997141361236,0,benign,accepted
"HEAD /www.rar HTTP/1.1 STATUS=404 BYTES=275 UA=""-""",benign,0.48256850242614746,2.211289405822754,2.809997141361236,0,benign,accepted
"HEAD /restore/secrepo.com.sql HTTP/1.1 STATUS=404 BYTES=275 UA=""-""",benign,0.4962592124938965,2.058392286300659,2.809997141361236,0,benign,accepted
"HEAD /backups/backup.tar HTTP/1.1 STATUS=404 BYTES=275 UA=""-""",benign,0.4661552309989929,2.202627182006836,2.809997141361236,0,benign,accepted
"HEAD /.bash_history HTTP/1.1 STATUS=404 BYTES=275 UA=""-""",benign,0.4759976267814636,2.172004461288452,2.809997141361236,0,benign,accepted
"HEAD /wallet.zip HTTP/1.1 STATUS=301 BYTES=177 UA=""-""",suspicious_path_probe,0.3861266076564789,2.6341564655303955,2.194364720582962,1,unknown,low_confidence+far_from_centroid
"HEAD /restore/backup.rar HTTP/1.1 STATUS=404 BYTES=275 UA=""-""",benign,0.4671070873737335,2.056457757949829,2.809997141361236,0,benign,accepted
"HEAD /backups/sql.sql HTTP/1.1 STATUS=404 BYTES=275 UA=""-""",benign,0.44872352480888367,2.1047937870025635,2.809997141361236,0,benign,accepted
"HEAD /backup/credentials.txt HTTP/1.1 STATUS=404 BYTES=275 UA=""-""",benign,0.44676515460014343,2.3571619987487793,2.809997141361236,0,benign,accepted
"HEAD /backup/backup.rar HTTP/1.1 STATUS=404 BYTES=275 UA=""-""",benign,0.4634091258049011,2.082429885864258,2.809997141361236,0,benign,accepted
"HEAD /backup/directory.tar.gz HTTP/1.1 STATUS=404 BYTES=275 UA=""-""",benign,0.4439229667186737,2.329988718032837,2.809997141361236,0,benign,accepted
"HEAD /backup/public_html.gz HTTP/1.1 STATUS=404 BYTES=275 UA=""-""",benign,0.46641167998313904,2.033881425857544,2.809997141361236,0,benign,accepted
"HEAD /bak/backup.rar HTTP/1.1 STATUS=404 BYTES=275 UA=""-""",benign,0.46986696124076843,2.102994680404663,2.809997141361236,0,benign,accepted
"HEAD /old/directory.tar HTTP/1.1 STATUS=404 BYTES=275 UA=""-""",benign,0.45920729637145996,2.343357563018799,2.809997141361236,0,benign,accepted
"HEAD /bak/secrepo.com.zip HTTP/1.1 STATUS=404 BYTES=275 UA=""-""",benign,0.43054455518722534,2.2579233646392822,2.809997141361236,0,benign,accepted
"HEAD /old/www.zip HTTP/1.1 STATUS=301 BYTES=178 UA=""-""",benign,0.3975851535797119,2.5525007247924805,2.809997141361236,1,unknown,low_confidence
"HEAD /old/dump.sql HTTP/1.1 STATUS=404 BYTES=275 UA=""-""",benign,0.46144670248031616,2.2196640968322754,2.809997141361236,0,benign,accepted
"HEAD /restore/backup.sql.tar HTTP/1.1 STATUS=404 BYTES=275 UA=""-""",benign,0.47251319885253906,2.0053040981292725,2.809997141361236,0,benign,accepted
"POST /include/dialog/select_images_post.php?CKEditor=body&CKEditorFuncNum=2&langCode=zh-cn HTTP/1.1 STATUS=404 BYTES=338 UA=""python-requests/2.27.1""",benign,0.46671637892723083,2.4657154083251953,2.809997141361236,0,benign,accepted
"POST /include/dialog/select_images_post.php?CKEditor=body&CKEditorFuncNum=2&langCode=zh-cn HTTP/1.1 STATUS=404 BYTES=338 UA=""python-requests/2.27.1""",benign,0.46671637892723083,2.4657154083251953,2.809997141361236,0,benign,accepted
"HEAD /sql.sql HTTP/1.1 STATUS=404 BYTES=275 UA=""-""",benign,0.4470330476760864,2.4130749702453613,2.809997141361236,0,benign,accepted
"HEAD /directory.tar HTTP/1.1 STATUS=404 BYTES=275 UA=""-""",benign,0.4553643763065338,2.4153244495391846,2.809997141361236,0,benign,accepted
"HEAD /bak/www.sql HTTP/1.1 STATUS=404 BYTES=275 UA=""-""",benign,0.48162317276000977,2.08624529838562,2.809997141361236,0,benign,accepted
"HEAD /bak/.bash_history HTTP/1.1 STATUS=404 BYTES=275 UA=""-""",benign,0.48439666628837585,2.0820343494415283,2.809997141361236,0,benign,accepted
"HEAD /public_html.zip HTTP/1.1 STATUS=404 BYTES=275 UA=""-""",benign,0.4165528416633606,2.3802409172058105,2.809997141361236,1,unknown,low_confidence
"HEAD /backups/secrepo.com.sql HTTP/1.1 STATUS=404 BYTES=275 UA=""-""",benign,0.4835616946220398,1.9740564823150635,2.809997141361236,0,benign,accepted
"HEAD /backups/backup.rar HTTP/1.1 STATUS=404 BYTES=275 UA=""-""",benign,0.46162402629852295,2.104180335998535,2.809997141361236,0,benign,accepted
"HEAD /bak/website.tar.gz HTTP/1.1 STATUS=404 BYTES=275 UA=""-""",benign,0.5043168663978577,2.121331214904785,2.809997141361236,0,benign,accepted
"HEAD /back/www.zip HTTP/1.1 STATUS=301 BYTES=179 UA=""-""",suspicious_path_probe,0.40267547965049744,2.518739700317383,2.194364720582962,1,unknown,low_confidence+far_from_centroid
"HEAD /back/sql.sql HTTP/1.1 STATUS=404 BYTES=275 UA=""-""",benign,0.44922277331352234,2.147059679031372,2.809997141361236,0,benign,accepted
"HEAD /backups/secrepo.com.gz HTTP/1.1 STATUS=404 BYTES=275 UA=""-""",benign,0.482148140668869,2.0071306228637695,2.809997141361236,0,benign,accepted
"HEAD /restore/public_html.rar HTTP/1.1 STATUS=404 BYTES=275 UA=""-""",benign,0.48511260747909546,2.1242477893829346,2.809997141361236,0,benign,accepted
"HEAD /backup/secrepo.com.gz HTTP/1.1 STATUS=404 BYTES=275 UA=""-""",benign,0.4749167263507843,2.0451948642730713,2.809997141361236,0,benign,accepted
"HEAD /public_html.gz HTTP/1.1 STATUS=404 BYTES=275 UA=""-""",benign,0.4583316743373871,2.2041099071502686,2.809997141361236,0,benign,accepted
"HEAD /backup/backup.sql.gz HTTP/1.1 STATUS=404 BYTES=275 UA=""-""",benign,0.4372313618659973,2.1045079231262207,2.809997141361236,0,benign,accepted
"HEAD /www.sql HTTP/1.1 STATUS=404 BYTES=275 UA=""-""",benign,0.4739491045475006,2.2944018840789795,2.809997141361236,0,benign,accepted
"HEAD /old/www.rar HTTP/1.1 STATUS=404 BYTES=275 UA=""-""",benign,0.4770793318748474,2.1505508422851562,2.809997141361236,0,benign,accepted
"HEAD /backup/sftp-config.json HTTP/1.1 STATUS=404 BYTES=275 UA=""-""",benign,0.467031866312027,2.2150237560272217,2.809997141361236,0,benign,accepted
"HEAD /old/config.json HTTP/1.1 STATUS=404 BYTES=275 UA=""-""",benign,0.4700711667537689,2.2671031951904297,2.809997141361236,0,benign,accepted
"HEAD /backup.sql.tar HTTP/1.1 STATUS=404 BYTES=275 UA=""-""",benign,0.4765292704105377,2.0494773387908936,2.809997141361236,0,benign,accepted
"HEAD /backup.tar.gz HTTP/1.1 STATUS=404 BYTES=275 UA=""-""",benign,0.4495723247528076,2.3364205360412598,2.809997141361236,0,benign,accepted
"HEAD /bak/wallet.dat HTTP/1.1 STATUS=404 BYTES=275 UA=""-""",benign,0.43728095293045044,2.355536699295044,2.809997141361236,0,benign,accepted
"HEAD /bak/application.zip HTTP/1.1 STATUS=301 BYTES=186 UA=""-""",suspicious_path_probe,0.42520871758461,2.1965038776397705,2.194364720582962,1,unknown,low_confidence+far_from_centroid
"HEAD /backup/.bash_history HTTP/1.1 STATUS=404 BYTES=275 UA=""-""",benign,0.4718834161758423,2.147271156311035,2.809997141361236,0,benign,accepted
"HEAD /backups/backup.tar.gz HTTP/1.1 STATUS=404 BYTES=275 UA=""-""",benign,0.44781744480133057,2.261868476867676,2.809997141361236,0,benign,accepted
"HEAD /old/application.zip HTTP/1.1 STATUS=301 BYTES=186 UA=""-""",suspicious_path_probe,0.4304352402687073,2.204632043838501,2.194364720582962,1,unknown,far_from_centroid
"HEAD /old/www.sql HTTP/1.1 STATUS=404 BYTES=275 UA=""-""",benign,0.4752084016799927,2.2119383811950684,2.809997141361236,0,benign,accepted
"HEAD /__MACOSX.zip HTTP/1.1 STATUS=301 BYTES=179 UA=""-""",suspicious_path_probe,0.3949982225894928,2.6754400730133057,2.194364720582962,1,unknown,low_confidence+far_from_centroid
"HEAD /bak/bak.tar.gz HTTP/1.1 STATUS=404 BYTES=275 UA=""-""",benign,0.46524617075920105,2.2235589027404785,2.809997141361236,0,benign,accepted
"HEAD /backups/.bash_history HTTP/1.1 STATUS=404 BYTES=275 UA=""-""",benign,0.47183769941329956,2.1388449668884277,2.809997141361236,0,benign,accepted
"HEAD /backups/public_html.rar HTTP/1.1 STATUS=404 BYTES=275 UA=""-""",benign,0.4810866713523865,2.044020891189575,2.809997141361236,0,benign,accepted
"HEAD /backup/config.json HTTP/1.1 STATUS=404 BYTES=275 UA=""-""",benign,0.45983651280403137,2.228764295578003,2.809997141361236,0,benign,accepted
"HEAD /restore/website.tar.gz HTTP/1.1 STATUS=404 BYTES=275 UA=""-""",benign,0.5035678744316101,2.0082123279571533,2.809997141361236,0,benign,accepted
"HEAD /archive.zip HTTP/1.1 STATUS=301 BYTES=178 UA=""-""",suspicious_path_probe,0.41131964325904846,2.3547518253326416,2.194364720582962,1,unknown,low_confidence+far_from_centroid
"HEAD /old/backup.tar HTTP/1.1 STATUS=404 BYTES=275 UA=""-""",benign,0.4672704339027405,2.1942238807678223,2.809997141361236,0,benign,accepted
"HEAD /directory.rar HTTP/1.1 STATUS=404 BYTES=275 UA=""-""",benign,0.45000460743904114,2.4781253337860107,2.809997141361236,0,benign,accepted
"HEAD /restore/index.zip HTTP/1.1 STATUS=301 BYTES=184 UA=""-""",suspicious_path_probe,0.38944411277770996,2.468019485473633,2.194364720582962,1,unknown,low_confidence+far_from_centroid
"HEAD /bak/www.rar HTTP/1.1 STATUS=404 BYTES=275 UA=""-""",benign,0.4853115379810333,2.0219566822052,2.809997141361236,0,benign,accepted
"HEAD /old/public_html.tar.gz HTTP/1.1 STATUS=404 BYTES=275 UA=""-""",benign,0.4715767502784729,2.201554298400879,2.809997141361236,0,benign,accepted
"HEAD /back/bak.tar.gz HTTP/1.1 STATUS=404 BYTES=275 UA=""-""",benign,0.4625917971134186,2.223862409591675,2.809997141361236,0,benign,accepted
"HEAD /backup/wallet.dat HTTP/1.1 STATUS=404 BYTES=275 UA=""-""",benign,0.4274813234806061,2.3816616535186768,2.809997141361236,1,unknown,low_confidence
"HEAD /back/website.tar.gz HTTP/1.1 STATUS=404 BYTES=275 UA=""-""",benign,0.49463510513305664,2.1270864009857178,2.809997141361236,0,benign,accepted
"HEAD /backups/bak.gz HTTP/1.1 STATUS=404 BYTES=275 UA=""-""",benign,0.4321991205215454,2.1907012462615967,2.809997141361236,0,benign,accepted
"HEAD /secrepo.com.tar.gz HTTP/1.1 STATUS=404 BYTES=275 UA=""-""",benign,0.4958273768424988,2.139892339706421,2.809997141361236,0,benign,accepted
"HEAD /bak/web.zip HTTP/1.1 STATUS=301 BYTES=178 UA=""-""",suspicious_path_probe,0.39835473895072937,2.409090518951416,2.194364720582962,1,unknown,low_confidence+far_from_centroid
"HEAD /restore/secrepo.com.gz HTTP/1.1 STATUS=404 BYTES=275 UA=""-""",benign,0.4932604432106018,2.027038097381592,2.809997141361236,0,benign,accepted
"HEAD /old/bak.tar.gz HTTP/1.1 STATUS=404 BYTES=275 UA=""-""",benign,0.45716995000839233,2.222113609313965,2.809997141361236,0,benign,accepted
"HEAD /restore/secrepo.com.rar HTTP/1.1 STATUS=404 BYTES=275 UA=""-""",benign,0.5170360207557678,1.9327877759933472,2.809997141361236,0,benign,accepted
"HEAD /website.rar HTTP/1.1 STATUS=404 BYTES=275 UA=""-""",benign,0.49982255697250366,2.233356237411499,2.809997141361236,0,benign,accepted
"HEAD /bak/backup.tar.gz HTTP/1.1 STATUS=404 BYTES=275 UA=""-""",benign,0.4582210183143616,2.2343108654022217,2.809997141361236,0,benign,accepted
"HEAD /restore/wallet.dat HTTP/1.1 STATUS=404 BYTES=275 UA=""-""",benign,0.44513726234436035,2.2860605716705322,2.809997141361236,0,benign,accepted
"HEAD /backup/web.zip HTTP/1.1 STATUS=301 BYTES=181 UA=""-""",suspicious_path_probe,0.43337079882621765,2.335493326187134,2.194364720582962,1,unknown,far_from_centroid
"HEAD /back/dump.sql HTTP/1.1 STATUS=404 BYTES=275 UA=""-""",benign,0.457784503698349,2.0729892253875732,2.809997141361236,0,benign,accepted
"HEAD /bak/website.rar HTTP/1.1 STATUS=404 BYTES=275 UA=""-""",benign,0.5118623971939087,2.086576223373413,2.809997141361236,0,benign,accepted
"HEAD /back/credentials.txt HTTP/1.1 STATUS=404 BYTES=275 UA=""-""",benign,0.4478416442871094,2.4381043910980225,2.809997141361236,0,benign,accepted
"HEAD /restore/backup.gz HTTP/1.1 STATUS=404 BYTES=275 UA=""-""",benign,0.435238242149353,2.190824270248413,2.809997141361236,0,benign,accepted
"HEAD /back/backup.rar HTTP/1.1 STATUS=404 BYTES=275 UA=""-""",benign,0.46826303005218506,2.148678779602051,2.809997141361236,0,benign,accepted
"HEAD /backup/sql.sql HTTP/1.1 STATUS=404 BYTES=275 UA=""-""",benign,0.4408927857875824,2.1678457260131836,2.809997141361236,0,benign,accepted
"HEAD /wallet.dat HTTP/1.1 STATUS=404 BYTES=275 UA=""-""",benign,0.4327360689640045,2.4795122146606445,2.809997141361236,0,benign,accepted
"HEAD /backups/bak.tar.gz HTTP/1.1 STATUS=404 BYTES=275 UA=""-""",benign,0.4585780203342438,2.182440996170044,2.809997141361236,0,benign,accepted
"HEAD /bak/directory.tar.gz HTTP/1.1 STATUS=404 BYTES=275 UA=""-""",benign,0.45246192812919617,2.345856189727783,2.809997141361236,0,benign,accepted
"HEAD /backup/directory.rar HTTP/1.1 STATUS=404 BYTES=275 UA=""-""",benign,0.4601806402206421,2.2966980934143066,2.809997141361236,0,benign,accepted
"HEAD /old/directory.rar HTTP/1.1 STATUS=404 BYTES=275 UA=""-""",benign,0.45502856373786926,2.3868319988250732,2.809997141361236,0,benign,accepted
"HEAD /old/bak.tar HTTP/1.1 STATUS=404 BYTES=275 UA=""-""",benign,0.47679808735847473,2.157912492752075,2.809997141361236,0,benign,accepted
"HEAD /backup.sql HTTP/1.1 STATUS=404 BYTES=275 UA=""-""",benign,0.4449908435344696,2.166621446609497,2.809997141361236,0,benign,accepted
"HEAD /old/secrepo.com.zip HTTP/1.1 STATUS=404 BYTES=275 UA=""-""",benign,0.42393988370895386,2.3543860912323,2.809997141361236,1,unknown,low_confidence
"HEAD /restore/sftp-config.json HTTP/1.1 STATUS=404 BYTES=275 UA=""-""",benign,0.48832863569259644,2.0695314407348633,2.809997141361236,0,benign,accepted
"HEAD /back/config.js HTTP/1.1 STATUS=404 BYTES=275 UA=""-""",benign,0.47103381156921387,2.118029832839966,2.809997141361236,0,benign,accepted
"HEAD /back/web.zip HTTP/1.1 STATUS=301 BYTES=179 UA=""-""",suspicious_path_probe,0.40897977352142334,2.4609038829803467,2.194364720582962,1,unknown,low_confidence+far_from_centroid
"HEAD /backup.tar HTTP/1.1 STATUS=404 BYTES=275 UA=""-""",benign,0.4708539545536041,2.294247627258301,2.809997141361236,0,benign,accepted
"HEAD /bak/index.zip HTTP/1.1 STATUS=301 BYTES=180 UA=""-""",benign,0.3969494104385376,2.451115369796753,2.809997141361236,1,unknown,low_confidence
"HEAD /bak/public_html.gz HTTP/1.1 STATUS=404 BYTES=275 UA=""-""",benign,0.47568413615226746,2.0582516193389893,2.809997141361236,0,benign,accepted
"HEAD /backup/website.tar HTTP/1.1 STATUS=404 BYTES=275 UA=""-""",benign,0.5064758062362671,2.0853917598724365,2.809997141361236,0,benign,accepted
"HEAD /bak/backup.sql HTTP/1.1 STATUS=404 BYTES=275 UA=""-""",benign,0.4578653573989868,2.0486505031585693,2.809997141361236,0,benign,accepted
"HEAD /backups/website.rar HTTP/1.1 STATUS=404 BYTES=275 UA=""-""",benign,0.4963885545730591,2.088125467300415,2.809997141361236,0,benign,accepted
"HEAD /old/public_html.rar HTTP/1.1 STATUS=404 BYTES=275 UA=""-""",benign,0.48308902978897095,2.17574143409729,2.809997141361236,0,benign,accepted
"HEAD /backups/website.tar.gz HTTP/1.1 STATUS=404 BYTES=275 UA=""-""",benign,0.4861189126968384,2.133305072784424,2.809997141361236,0,benign,accepted
"HEAD /sftp-config.json HTTP/1.1 STATUS=404 BYTES=275 UA=""-""",benign,0.4841068387031555,2.3356246948242188,2.809997141361236,0,benign,accepted
"HEAD /restore/latest.zip HTTP/1.1 STATUS=301 BYTES=185 UA=""-""",suspicious_path_probe,0.41088220477104187,2.371920347213745,2.194364720582962,1,unknown,low_confidence+far_from_centroid
"HEAD /bak.tar.gz HTTP/1.1 STATUS=404 BYTES=275 UA=""-""",benign,0.4600301682949066,2.266005277633667,2.809997141361236,0,benign,accepted
"HEAD /secrepo.com.sql HTTP/1.1 STATUS=404 BYTES=275 UA=""-""",benign,0.49204254150390625,2.200589895248413,2.809997141361236,0,benign,accepted
"HEAD /backup/backup.tar HTTP/1.1 STATUS=404 BYTES=275 UA=""-""",benign,0.4682357907295227,2.1835412979125977,2.809997141361236,0,benign,accepted
"HEAD /old/secrepo.com.sql HTTP/1.1 STATUS=404 BYTES=275 UA=""-""",benign,0.4926954507827759,2.124868631362915,2.809997141361236,0,benign,accepted
"HEAD /backups/mysql.sql HTTP/1.1 STATUS=404 BYTES=275 UA=""-""",benign,0.44007936120033264,2.2191874980926514,2.809997141361236,0,benign,accepted
"HEAD /backup/www.tar.gz HTTP/1.1 STATUS=404 BYTES=275 UA=""-""",benign,0.4596406817436218,2.1246025562286377,2.809997141361236,0,benign,accepted
"HEAD /backups/website.gz HTTP/1.1 STATUS=404 BYTES=275 UA=""-""",benign,0.4705404043197632,2.1340200901031494,2.809997141361236,0,benign,accepted
"HEAD /back/website.gz HTTP/1.1 STATUS=404 BYTES=275 UA=""-""",benign,0.48108842968940735,2.0982308387756348,2.809997141361236,0,benign,accepted
"HEAD /backup/website.rar HTTP/1.1 STATUS=404 BYTES=275 UA=""-""",benign,0.500923216342926,2.104065179824829,2.809997141361236,0,benign,accepted
"HEAD /restore/bak.tar HTTP/1.1 STATUS=404 BYTES=275 UA=""-""",benign,0.4832557141780853,2.02172589302063,2.809997141361236,0,benign,accepted
"HEAD /backup/public_html.tar.gz HTTP/1.1 STATUS=404 BYTES=275 UA=""-""",benign,0.4694896340370178,2.1004068851470947,2.809997141361236,0,benign,accepted
"HEAD /old/secrepo.com.gz HTTP/1.1 STATUS=404 BYTES=275 UA=""-""",benign,0.482946515083313,2.1596732139587402,2.809997141361236,0,benign,accepted
"HEAD /backups/dump.sql HTTP/1.1 STATUS=404 BYTES=275 UA=""-""",benign,0.44960418343544006,2.112293004989624,2.809997141361236,0,benign,accepted
"HEAD /backup/www.sql HTTP/1.1 STATUS=404 BYTES=275 UA=""-""",benign,0.4629473090171814,2.081669330596924,2.809997141361236,0,benign,accepted
"HEAD /restore/secrepo.com.zip HTTP/1.1 STATUS=404 BYTES=275 UA=""-""",benign,0.4357823431491852,2.2770137786865234,2.809997141361236,0,benign,accepted
"HEAD /old/www.gz HTTP/1.1 STATUS=404 BYTES=275 UA=""-""",benign,0.4643552899360657,2.2330353260040283,2.809997141361236,0,benign,accepted
"HEAD /restore/secrepo.com.tar.gz HTTP/1.1 STATUS=404 BYTES=275 UA=""-""",benign,0.5048387050628662,1.9698814153671265,2.809997141361236,0,benign,accepted
"HEAD /restore/bak.rar HTTP/1.1 STATUS=404 BYTES=275 UA=""-""",benign,0.4837909936904907,2.0082716941833496,2.809997141361236,0,benign,accepted
"HEAD /backups/www.zip HTTP/1.1 STATUS=301 BYTES=182 UA=""-""",suspicious_path_probe,0.4172461926937103,2.430363416671753,2.194364720582962,1,unknown,low_confidence+far_from_centroid
"HEAD /restore/application.zip HTTP/1.1 STATUS=301 BYTES=190 UA=""-""",suspicious_path_probe,0.40445247292518616,2.2664802074432373,2.194364720582962,1,unknown,low_confidence+far_from_centroid
"HEAD /back/backup.tar HTTP/1.1 STATUS=404 BYTES=275 UA=""-""",benign,0.4743501842021942,2.2572357654571533,2.809997141361236,0,benign,accepted
"HEAD /backup/www.zip HTTP/1.1 STATUS=301 BYTES=181 UA=""-""",suspicious_path_probe,0.42284494638442993,2.40493106842041,2.194364720582962,1,unknown,low_confidence+far_from_centroid
"HEAD /bak/credentials.txt HTTP/1.1 STATUS=404 BYTES=275 UA=""-""",benign,0.45362618565559387,2.3565492630004883,2.809997141361236,0,benign,accepted
"HEAD /old/backup.sql.gz HTTP/1.1 STATUS=404 BYTES=275 UA=""-""",benign,0.4374881088733673,2.1039979457855225,2.809997141361236,0,benign,accepted
"HEAD /old/backup.rar HTTP/1.1 STATUS=404 BYTES=275 UA=""-""",benign,0.4639151394367218,2.1386191844940186,2.809997141361236,0,benign,accepted
"HEAD /back/index.zip HTTP/1.1 STATUS=301 BYTES=181 UA=""-""",suspicious_path_probe,0.398154616355896,2.535191535949707,2.194364720582962,1,unknown,low_confidence+far_from_centroid
"HEAD /old/mysql.sql HTTP/1.1 STATUS=404 BYTES=275 UA=""-""",benign,0.45581382513046265,2.404966115951538,2.809997141361236,0,benign,accepted
"HEAD /backups/secrepo.com.rar HTTP/1.1 STATUS=404 BYTES=275 UA=""-""",benign,0.5030755996704102,1.9313478469848633,2.809997141361236,0,benign,accepted
"HEAD /bak/sql.sql HTTP/1.1 STATUS=404 BYTES=275 UA=""-""",benign,0.4573248028755188,2.137030839920044,2.809997141361236,0,benign,accepted
"GET /twitter-icon.png HTTP/1.1 STATUS=200 BYTES=27926 REF=""http://www.secrepo.com/"" UA=""Mozilla/5.0 (Windows NT 10.0; Win64; x64) AppleWebKit/537.36 (KHTML, like Gecko) Chrome/104.0.0.0 Safari/537.36""",benign,0.5078641176223755,1.9636900424957275,2.809997141361236,0,benign,accepted
"GET /GitHub-Mark.png HTTP/1.1 STATUS=200 BYTES=7566 REF=""http://www.secrepo.com/"" UA=""Mozilla/5.0 (Windows NT 10.0; Win64; x64) AppleWebKit/537.36 (KHTML, like Gecko) Chrome/104.0.0.0 Safari/537.36""",benign,0.4966994524002075,1.8923404216766357,2.809997141361236,0,benign,accepted
"GET /bootstrap/img/favicon.ico HTTP/1.1 STATUS=200 BYTES=679 REF=""http://www.secrepo.com/"" UA=""Mozilla/5.0 (Windows NT 10.0; Win64; x64) AppleWebKit/537.36 (KHTML, like Gecko) Chrome/104.0.0.0 Safari/537.36""",benign,0.5196862816810608,2.015918254852295,2.809997141361236,0,benign,accepted
"GET /css/style.css HTTP/1.1 STATUS=404 BYTES=301 REF=""http://www.secrepo.com/"" UA=""Mozilla/5.0 (Windows NT 10.0; Win64; x64) AppleWebKit/537.36 (KHTML, like Gecko) Chrome/99.0.4844.51 Safari/537.36""",benign,0.5136297941207886,1.8207428455352783,2.809997141361236,0,benign,accepted
"GET /twitter-icon.png HTTP/1.1 STATUS=200 BYTES=27848 REF=""http://www.secrepo.com/"" UA=""Mozilla/5.0 (Windows NT 10.0; Win64; x64) AppleWebKit/537.36 (KHTML, like Gecko) Chrome/108.0.0.0 Safari/537.36""",benign,0.5070208311080933,1.9813717603683472,2.809997141361236,0,benign,accepted
"GET /css/style.css HTTP/1.1 STATUS=404 BYTES=294 REF=""http://www.secrepo.com/"" UA=""Mozilla/5.0 (Windows NT 10.0; Win64; x64) AppleWebKit/537.36 (KHTML, like Gecko) Chrome/108.0.0.0 Safari/537.36""",benign,0.5231705904006958,1.8567769527435303,2.809997141361236,0,benign,accepted
"GET /GitHub-Mark.png HTTP/1.1 STATUS=200 BYTES=7522 REF=""http://www.secrepo.com/"" UA=""Mozilla/5.0 (Windows NT 10.0; Win64; x64) AppleWebKit/537.36 (KHTML, like Gecko) Chrome/108.0.0.0 Safari/537.36""",benign,0.4921470582485199,1.9157954454421997,2.809997141361236,0,benign,accepted
"GET /bootstrap/img/favicon.ico HTTP/1.1 STATUS=200 BYTES=645 REF=""http://www.secrepo.com/"" UA=""Mozilla/5.0 (Windows NT 10.0; Win64; x64) AppleWebKit/537.36 (KHTML, like Gecko) Chrome/108.0.0.0 Safari/537.36""",benign,0.514764130115509,1.9764539003372192,2.809997141361236,0,benign,accepted
"GET /css/style.css HTTP/1.1 STATUS=404 BYTES=315 REF=""http://www.secrepo.com/"" UA=""Mozilla/5.0 (X11; Linux x86_64) AppleWebKit/537.36 (KHTML, like Gecko) Chrome/106.0.0.0 Safari/537.36""",benign,0.524654746055603,1.8897942304611206,2.809997141361236,0,benign,accepted
"GET /xxxss HTTP/1.1 STATUS=404 BYTES=338 UA=""Mozilla/5.0 (Windows NT 10.0; WOW64; rv:48.0) Gecko/20100101 Firefox/48.0""",benign,0.4355965554714203,2.078463077545166,2.809997141361236,0,benign,accepted
"HEAD /restore/archive.zip HTTP/1.1 STATUS=301 BYTES=186 UA=""-""",suspicious_path_probe,0.40813302993774414,2.2568955421447754,2.194364720582962,1,unknown,low_confidence+far_from_centroid
"HEAD /bak/backup.zip HTTP/1.1 STATUS=301 BYTES=181 UA=""-""",suspicious_path_probe,0.43955591320991516,2.2920749187469482,2.194364720582962,1,unknown,far_from_centroid
"HEAD /bak/website.zip HTTP/1.1 STATUS=301 BYTES=182 UA=""-""",benign,0.4159848093986511,2.4066498279571533,2.809997141361236,1,unknown,low_confidence
"HEAD /old/archive.zip HTTP/1.1 STATUS=301 BYTES=182 UA=""-""",suspicious_path_probe,0.423125296831131,2.3526198863983154,2.194364720582962,1,unknown,low_confidence+far_from_centroid
"HEAD /secrepo.com.zip HTTP/1.1 STATUS=301 BYTES=182 UA=""-""",benign,0.39939597249031067,2.486372947692871,2.809997141361236,1,unknown,low_confidence
"HEAD /old/backup.zip HTTP/1.1 STATUS=301 BYTES=181 UA=""-""",suspicious_path_probe,0.4582130014896393,2.221797466278076,2.194364720582962,1,unknown,far_from_centroid
"HEAD /backups/bak.zip HTTP/1.1 STATUS=301 BYTES=182 UA=""-""",suspicious_path_probe,0.4252396821975708,2.3571455478668213,2.194364720582962,1,unknown,low_confidence+far_from_centroid
"HEAD /back/mysql.sql HTTP/1.1 STATUS=404 BYTES=275 UA=""-""",benign,0.4444805085659027,2.1957201957702637,2.809997141361236,0,benign,accepted
"HEAD /backups/website.zip HTTP/1.1 STATUS=301 BYTES=186 UA=""-""",benign,0.40233758091926575,2.283304214477539,2.809997141361236,1,unknown,low_confidence
"HEAD /backups/archive.zip HTTP/1.1 STATUS=301 BYTES=186 UA=""-""",suspicious_path_probe,0.4370647966861725,2.1669235229492188,2.194364720582962,0,suspicious_path_probe,accepted
"HEAD /back/website.tar HTTP/1.1 STATUS=404 BYTES=275 UA=""-""",benign,0.510162889957428,2.051959753036499,2.809997141361236,0,benign,accepted
"HEAD /old/public_html.zip HTTP/1.1 STATUS=301 BYTES=186 UA=""-""",benign,0.41194477677345276,2.347443103790283,2.809997141361236,1,unknown,low_confidence
"HEAD /old/full_backup.zip HTTP/1.1 STATUS=301 BYTES=186 UA=""-""",suspicious_path_probe,0.44915783405303955,2.172520637512207,2.194364720582962,0,suspicious_path_probe,accepted
"HEAD /backups/backup.sql.zip HTTP/1.1 STATUS=301 BYTES=189 UA=""-""",suspicious_path_probe,0.4181877076625824,2.2935540676116943,2.194364720582962,1,unknown,low_confidence+far_from_centroid
"HEAD /restore/directory.zip HTTP/1.1 STATUS=301 BYTES=188 UA=""-""",suspicious_path_probe,0.400300532579422,2.4449214935302734,2.194364720582962,1,unknown,low_confidence+far_from_centroid
"HEAD /back/Archive.zip HTTP/1.1 STATUS=301 BYTES=183 UA=""-""",suspicious_path_probe,0.41788604855537415,2.298764228820801,2.194364720582962,1,unknown,low_confidence+far_from_centroid
"HEAD /bak/public_html.zip HTTP/1.1 STATUS=301 BYTES=186 UA=""-""",benign,0.4150473475456238,2.3146190643310547,2.809997141361236,1,unknown,low_confidence
"HEAD /backups/Archive.zip HTTP/1.1 STATUS=301 BYTES=186 UA=""-""",suspicious_path_probe,0.44665324687957764,2.0889594554901123,2.194364720582962,0,suspicious_path_probe,accepted
"HEAD /back/full_backup.zip HTTP/1.1 STATUS=301 BYTES=187 UA=""-""",suspicious_path_probe,0.44297710061073303,2.2734501361846924,2.194364720582962,1,unknown,far_from_centroid
"HEAD /www.tar.gz HTTP/1.1 STATUS=301 BYTES=177 UA=""-""",benign,0.4583991765975952,2.3516666889190674,2.809997141361236,0,benign,accepted
"HEAD /back/secrepo.com.zip HTTP/1.1 STATUS=301 BYTES=187 UA=""-""",benign,0.4187214970588684,2.299860715866089,2.809997141361236,1,unknown,low_confidence
"HEAD /old/wallet.zip HTTP/1.1 STATUS=301 BYTES=181 UA=""-""",suspicious_path_probe,0.40272659063339233,2.5782291889190674,2.194364720582962,1,unknown,low_confidence+far_from_centroid
"HEAD /bak/directory.rar HTTP/1.1 STATUS=404 BYTES=275 UA=""-""",benign,0.4685618281364441,2.3499345779418945,2.809997141361236,0,benign,accepted
"HEAD /back/latest.zip HTTP/1.1 STATUS=301 BYTES=182 UA=""-""",suspicious_path_probe,0.41692253947257996,2.396132469177246,2.194364720582962,1,unknown,low_confidence+far_from_centroid
"HEAD /backup/website.zip HTTP/1.1 STATUS=301 BYTES=185 UA=""-""",benign,0.40358248353004456,2.411470651626587,2.809997141361236,1,unknown,low_confidence
"HEAD /bak/bak.tar HTTP/1.1 STATUS=404 BYTES=275 UA=""-""",benign,0.48679912090301514,2.188039541244507,2.809997141361236,0,benign,accepted
"HEAD /bak/www.gz HTTP/1.1 STATUS=301 BYTES=177 UA=""-""",benign,0.46148446202278137,2.122309923171997,2.809997141361236,0,benign,accepted
"HEAD /restore/website.zip HTTP/1.1 STATUS=301 BYTES=186 UA=""-""",benign,0.41666388511657715,2.2734930515289307,2.809997141361236,1,unknown,low_confidence
"HEAD /back/backup.zip HTTP/1.1 STATUS=301 BYTES=182 UA=""-""",suspicious_path_probe,0.44439151883125305,2.359184503555298,2.194364720582962,1,unknown,far_from_centroid
"HEAD /bak/public_html.tar HTTP/1.1 STATUS=404 BYTES=275 UA=""-""",benign,0.48784947395324707,2.109881639480591,2.809997141361236,0,benign,accepted
"HEAD /back/secrepo.com.sql HTTP/1.1 STATUS=404 BYTES=275 UA=""-""",benign,0.49320539832115173,1.969860553741455,2.809997141361236,0,benign,accepted
"HEAD /backups/backup.zip HTTP/1.1 STATUS=301 BYTES=185 UA=""-""",suspicious_path_probe,0.43811988830566406,2.3163061141967773,2.194364720582962,1,unknown,far_from_centroid
"HEAD /backup/bak.zip HTTP/1.1 STATUS=301 BYTES=181 UA=""-""",suspicious_path_probe,0.436821311712265,2.276761293411255,2.194364720582962,1,unknown,far_from_centroid
"HEAD /restore/public_html.zip HTTP/1.1 STATUS=301 BYTES=190 UA=""-""",benign,0.4147781729698181,2.461542844772339,2.809997141361236,1,unknown,low_confidence
"HEAD /back/wallet.zip HTTP/1.1 STATUS=301 BYTES=182 UA=""-""",suspicious_path_probe,0.4037325382232666,2.622065305709839,2.194364720582962,1,unknown,low_confidence+far_from_centroid
"HEAD /bak/secrepo.com.sql HTTP/1.1 STATUS=404 BYTES=275 UA=""-""",benign,0.4924531877040863,2.0239357948303223,2.809997141361236,0,benign,accepted
"HEAD /backup/backup.sql.zip HTTP/1.1 STATUS=301 BYTES=188 UA=""-""",suspicious_path_probe,0.42222511768341064,2.2727108001708984,2.194364720582962,1,unknown,low_confidence+far_from_centroid
"HEAD /bak/secrepo.com.zip HTTP/1.1 STATUS=301 BYTES=186 UA=""-""",benign,0.4104340970516205,2.273144006729126,2.809997141361236,1,unknown,low_confidence
"HEAD /backup/archive.zip HTTP/1.1 STATUS=301 BYTES=185 UA=""-""",suspicious_path_probe,0.42261412739753723,2.2895493507385254,2.194364720582962,1,unknown,low_confidence+far_from_centroid
"HEAD /public_html.zip HTTP/1.1 STATUS=301 BYTES=182 UA=""-""",benign,0.4004756510257721,2.556781530380249,2.809997141361236,1,unknown,low_confidence
"HEAD /bak/archive.zip HTTP/1.1 STATUS=301 BYTES=182 UA=""-""",suspicious_path_probe,0.41086575388908386,2.3174047470092773,2.194364720582962,1,unknown,low_confidence+far_from_centroid
"HEAD /public_html.rar HTTP/1.1 STATUS=404 BYTES=275 UA=""-""",benign,0.4717458188533783,2.2784664630889893,2.809997141361236,0,benign,accepted
"HEAD /backups/wallet.zip HTTP/1.1 STATUS=301 BYTES=185 UA=""-""",suspicious_path_probe,0.40614446997642517,2.5948996543884277,2.194364720582962,1,unknown,low_confidence+far_from_centroid
"HEAD /restore/bak.zip HTTP/1.1 STATUS=301 BYTES=182 UA=""-""",suspicious_path_probe,0.4128586947917938,2.3707947731018066,2.194364720582962,1,unknown,low_confidence+far_from_centroid
"HEAD /back/public_html.tar HTTP/1.1 STATUS=404 BYTES=275 UA=""-""",benign,0.4837232232093811,2.132223129272461,2.809997141361236,0,benign,accepted
"HEAD /bak/full_backup.zip HTTP/1.1 STATUS=301 BYTES=186 UA=""-""",suspicious_path_probe,0.4431957006454468,2.172976016998291,2.194364720582962,0,suspicious_path_probe,accepted
"HEAD /backup/backup.zip HTTP/1.1 STATUS=301 BYTES=184 UA=""-""",suspicious_path_probe,0.44985881447792053,2.186969041824341,2.194364720582962,0,suspicious_path_probe,accepted
"HEAD /back/secrepo.com.rar HTTP/1.1 STATUS=404 BYTES=275 UA=""-""",benign,0.512201726436615,1.9599837064743042,2.809997141361236,0,benign,accepted
"HEAD /full_backup.zip HTTP/1.1 STATUS=301 BYTES=182 UA=""-""",suspicious_path_probe,0.43039262294769287,2.431887626647949,2.194364720582962,1,unknown,far_from_centroid
"HEAD /bak/backup.sql.zip HTTP/1.1 STATUS=301 BYTES=185 UA=""-""",suspicious_path_probe,0.4122908413410187,2.3387374877929688,2.194364720582962,1,unknown,low_confidence+far_from_centroid
"HEAD /old/website.zip HTTP/1.1 STATUS=301 BYTES=182 UA=""-""",benign,0.4029569923877716,2.4604296684265137,2.809997141361236,1,unknown,low_confidence
"HEAD /directory.zip HTTP/1.1 STATUS=301 BYTES=180 UA=""-""",suspicious_path_probe,0.393990695476532,2.7635834217071533,2.194364720582962,1,unknown,low_confidence+far_from_centroid
"HEAD /backups/latest.zip HTTP/1.1 STATUS=301 BYTES=185 UA=""-""",suspicious_path_probe,0.4342831075191498,2.224499464035034,2.194364720582962,1,unknown,far_from_centroid
"HEAD /backup/public_html.zip HTTP/1.1 STATUS=301 BYTES=189 UA=""-""",benign,0.42018353939056396,2.3120505809783936,2.809997141361236,1,unknown,low_confidence
"HEAD /restore/backup.zip HTTP/1.1 STATUS=301 BYTES=185 UA=""-""",suspicious_path_probe,0.4368698000907898,2.286383628845215,2.194364720582962,1,unknown,far_from_centroid
"HEAD /public_html.tar HTTP/1.1 STATUS=404 BYTES=275 UA=""-""",benign,0.4730584919452667,2.2659518718719482,2.809997141361236,0,benign,accepted
"HEAD /bak/public_html.rar HTTP/1.1 STATUS=404 BYTES=275 UA=""-""",benign,0.4861580729484558,2.1451940536499023,2.809997141361236,0,benign,accepted
"HEAD /old/directory.zip HTTP/1.1 STATUS=301 BYTES=184 UA=""-""",suspicious_path_probe,0.4050900638103485,2.6104044914245605,2.194364720582962,1,unknown,low_confidence+far_from_centroid
"HEAD /back/backup.sql.zip HTTP/1.1 STATUS=301 BYTES=186 UA=""-""",suspicious_path_probe,0.4383319616317749,2.1649439334869385,2.194364720582962,0,suspicious_path_probe,accepted
"HEAD /backups/secrepo.com.zip HTTP/1.1 STATUS=301 BYTES=190 UA=""-""",benign,0.4214884340763092,2.2331185340881348,2.809997141361236,1,unknown,low_confidence
"HEAD /backups/public_html.zip HTTP/1.1 STATUS=301 BYTES=190 UA=""-""",benign,0.4241234064102173,2.2787938117980957,2.809997141361236,1,unknown,low_confidence
"HEAD /backup/latest.zip HTTP/1.1 STATUS=301 BYTES=184 UA=""-""",suspicious_path_probe,0.43550050258636475,2.1966712474823,2.194364720582962,1,unknown,far_from_centroid
"HEAD /back/website.zip HTTP/1.1 STATUS=301 BYTES=183 UA=""-""",benign,0.4081583023071289,2.423914909362793,2.809997141361236,1,unknown,low_confidence
"HEAD /back/bak.tar HTTP/1.1 STATUS=404 BYTES=275 UA=""-""",benign,0.48634180426597595,2.198202133178711,2.809997141361236,0,benign,accepted
"HEAD /backup/wallet.zip HTTP/1.1 STATUS=301 BYTES=184 UA=""-""",suspicious_path_probe,0.42224979400634766,2.4364752769470215,2.194364720582962,1,unknown,low_confidence+far_from_centroid
"HEAD /backups/full_backup.zip HTTP/1.1 STATUS=301 BYTES=190 UA=""-""",suspicious_path_probe,0.424691379070282,2.351285934448242,2.194364720582962,1,unknown,low_confidence+far_from_centroid
"HEAD /old/secrepo.com.zip HTTP/1.1 STATUS=301 BYTES=186 UA=""-""",benign,0.40053606033325195,2.380528211593628,2.809997141361236,1,unknown,low_confidence
"HEAD /bak/wallet.zip HTTP/1.1 STATUS=301 BYTES=181 UA=""-""",suspicious_path_probe,0.39672571420669556,2.6207308769226074,2.194364720582962,1,unknown,low_confidence+far_from_centroid
"HEAD /back/public_html.rar HTTP/1.1 STATUS=404 BYTES=275 UA=""-""",benign,0.48024171590805054,2.1565942764282227,2.809997141361236,0,benign,accepted
"HEAD /back/directory.tar HTTP/1.1 STATUS=404 BYTES=275 UA=""-""",benign,0.47188812494277954,2.353773593902588,2.809997141361236,0,benign,accepted
"HEAD /old/backup.sql.zip HTTP/1.1 STATUS=301 BYTES=185 UA=""-""",suspicious_path_probe,0.42634066939353943,2.3216168880462646,2.194364720582962,1,unknown,low_confidence+far_from_centroid
"HEAD /bak/secrepo.com.rar HTTP/1.1 STATUS=404 BYTES=275 UA=""-""",benign,0.5122705101966858,1.9823329448699951,2.809997141361236,0,benign,accepted
"HEAD /restore/backup.sql.zip HTTP/1.1 STATUS=301 BYTES=189 UA=""-""",suspicious_path_probe,0.4129214286804199,2.312382936477661,2.194364720582962,1,unknown,low_confidence+far_from_centroid
"HEAD /bak/Archive.zip HTTP/1.1 STATUS=301 BYTES=182 UA=""-""",suspicious_path_probe,0.40910080075263977,2.309638023376465,2.194364720582962,1,unknown,low_confidence+far_from_centroid
"HEAD /backups/directory.zip HTTP/1.1 STATUS=301 BYTES=188 UA=""-""",suspicious_path_probe,0.41272246837615967,2.5813100337982178,2.194364720582962,1,unknown,low_confidence+far_from_centroid
"HEAD /restore/secrepo.com.zip HTTP/1.1 STATUS=301 BYTES=190 UA=""-""",benign,0.42530739307403564,2.3740994930267334,2.809997141361236,1,unknown,low_confidence
"HEAD /old/www.gz HTTP/1.1 STATUS=301 BYTES=177 UA=""-""",benign,0.4516366124153137,2.294945240020752,2.809997141361236,0,benign,accepted
"HEAD /bak/directory.zip HTTP/1.1 STATUS=301 BYTES=184 UA=""-""",suspicious_path_probe,0.4030478298664093,2.5774972438812256,2.194364720582962,1,unknown,low_confidence+far_from_centroid
"HEAD /www.gz HTTP/1.1 STATUS=301 BYTES=173 UA=""-""",benign,0.4619247615337372,2.239161491394043,2.809997141361236,0,benign,accepted
"HEAD /backup/directory.zip HTTP/1.1 STATUS=301 BYTES=187 UA=""-""",suspicious_path_probe,0.427869975566864,2.496471881866455,2.194364720582962,1,unknown,far_from_centroid
"HEAD /back/archive.zip HTTP/1.1 STATUS=301 BYTES=183 UA=""-""",suspicious_path_probe,0.42137613892555237,2.3043272495269775,2.194364720582962,1,unknown,low_confidence+far_from_centroid
