run_id,record_id,source_type,rule_hit,rule_name,anomaly_score,is_anomaly,is_unknown,final_label,stage,confidence,risk_score,raw_text
os_processes_os_processes_20260307_215513,proc_2,os_processes,0,,0.0,0,0,benign,normal,0.9,0.0,1 root 19 0 25236 14112 0 Ss 0.0 0.0 00:00:07 systemd
os_processes_os_processes_20260307_215513,proc_3,os_processes,0,,0.0,0,0,benign,normal,0.9,0.0,2 root 19 0 0 0 0 S 0.0 0.0 00:00:00 kthreadd
os_processes_os_processes_20260307_215513,proc_4,os_processes,0,,0.0,0,0,benign,normal,0.9,0.0,3 root 19 0 0 0 0 S 0.0 0.0 00:00:00 pool_workqueue_release
os_processes_os_processes_20260307_215513,proc_5,os_processes,0,,0.0,0,0,benign,normal,0.9,0.0,4 root 39 -20 0 0 0 I< 0.0 0.0 00:00:00 kworker/R-rcu_gp
os_processes_os_processes_20260307_215513,proc_6,os_processes,1,suspicious_process_name,0.0,0,0,suspicious_process_name,rule,0.95,0.8,5 root 39 -20 0 0 0 I< 0.0 0.0 00:00:00 kworker/R-sync_wq
os_processes_os_processes_20260307_215513,proc_7,os_processes,0,,0.0,0,0,benign,normal,0.9,0.0,6 root 39 -20 0 0 0 I< 0.0 0.0 00:00:00 kworker/R-kvfree_rcu_reclaim
os_processes_os_processes_20260307_215513,proc_8,os_processes,0,,0.0,0,0,benign,normal,0.9,0.0,7 root 39 -20 0 0 0 I< 0.0 0.0 00:00:00 kworker/R-slub_flushwq
os_processes_os_processes_20260307_215513,proc_9,os_processes,0,,0.0,0,0,benign,normal,0.9,0.0,8 root 39 -20 0 0 0 I< 0.0 0.0 00:00:00 kworker/R-netns
os_processes_os_processes_20260307_215513,proc_10,os_processes,0,,0.0,0,0,benign,normal,0.9,0.0,13 root 39 -20 0 0 0 I< 0.0 0.0 00:00:00 kworker/R-mm_percpu_wq
os_processes_os_processes_20260307_215513,proc_11,os_processes,0,,0.0,0,0,benign,normal,0.9,0.0,14 root 19 0 0 0 0 S 0.0 0.0 00:00:01 ksoftirqd/0
os_processes_os_processes_20260307_215513,proc_12,os_processes,0,,0.0,0,0,benign,normal,0.9,0.0,15 root 19 0 0 0 0 I 0.0 0.0 00:00:30 rcu_preempt
os_processes_os_processes_20260307_215513,proc_13,os_processes,0,,0.0,0,0,benign,normal,0.9,0.0,16 root 19 0 0 0 0 S 0.0 0.0 00:00:00 rcu_exp_par_gp_kthread_worker/0
os_processes_os_processes_20260307_215513,proc_14,os_processes,0,,0.0,0,0,benign,normal,0.9,0.0,17 root 19 0 0 0 0 S 0.0 0.0 00:00:00 rcu_exp_gp_kthread_worker
os_processes_os_processes_20260307_215513,proc_15,os_processes,0,,0.0,0,0,benign,normal,0.9,0.0,18 root 139 - 0 0 0 S 0.0 0.0 00:00:01 migration/0
os_processes_os_processes_20260307_215513,proc_16,os_processes,0,,0.0,0,0,benign,normal,0.9,0.0,19 root 90 - 0 0 0 S 0.0 0.0 00:00:00 idle_inject/0
os_processes_os_processes_20260307_215513,proc_17,os_processes,0,,0.0,0,0,benign,normal,0.9,0.0,20 root 19 0 0 0 0 S 0.0 0.0 00:00:00 cpuhp/0
os_processes_os_processes_20260307_215513,proc_18,os_processes,0,,0.0,0,0,benign,normal,0.9,0.0,21 root 19 0 0 0 0 S 0.0 0.0 00:00:00 cpuhp/1
os_processes_os_processes_20260307_215513,proc_19,os_processes,0,,0.0,0,0,benign,normal,0.9,0.0,22 root 90 - 0 0 0 S 0.0 0.0 00:00:00 idle_inject/1
os_processes_os_processes_20260307_215513,proc_20,os_processes,0,,0.0,0,0,benign,normal,0.9,0.0,23 root 139 - 0 0 0 S 0.0 0.0 00:00:01 migration/1
os_processes_os_processes_20260307_215513,proc_21,os_processes,0,,0.0,0,0,benign,normal,0.9,0.0,24 root 19 0 0 0 0 S 0.0 0.0 00:00:00 ksoftirqd/1
os_processes_os_processes_20260307_215513,proc_22,os_processes,0,,0.0,0,0,benign,normal,0.9,0.0,26 root 39 -20 0 0 0 I< 0.0 0.0 00:00:00 kworker/1:0H-events_highpri
os_processes_os_processes_20260307_215513,proc_23,os_processes,0,,0.0,0,0,benign,normal,0.9,0.0,27 root 19 0 0 0 0 S 0.0 0.0 00:00:00 cpuhp/2
os_processes_os_processes_20260307_215513,proc_24,os_processes,0,,0.0,0,0,benign,normal,0.9,0.0,28 root 90 - 0 0 0 S 0.0 0.0 00:00:00 idle_inject/2
os_processes_os_processes_20260307_215513,proc_25,os_processes,0,,0.0,0,0,benign,normal,0.9,0.0,29 root 139 - 0 0 0 S 0.0 0.0 00:00:00 migration/2
os_processes_os_processes_20260307_215513,proc_26,os_processes,0,,0.0,0,0,benign,normal,0.9,0.0,30 root 19 0 0 0 0 S 0.0 0.0 00:00:03 ksoftirqd/2
os_processes_os_processes_20260307_215513,proc_27,os_processes,0,,0.0,0,0,benign,normal,0.9,0.0,32 root 39 -20 0 0 0 I< 0.0 0.0 00:00:00 kworker/2:0H-events_highpri
os_processes_os_processes_20260307_215513,proc_28,os_processes,0,,0.0,0,0,benign,normal,0.9,0.0,33 root 19 0 0 0 0 S 0.0 0.0 00:00:00 cpuhp/3
os_processes_os_processes_20260307_215513,proc_29,os_processes,0,,0.0,0,0,benign,normal,0.9,0.0,34 root 90 - 0 0 0 S 0.0 0.0 00:00:00 idle_inject/3
os_processes_os_processes_20260307_215513,proc_30,os_processes,0,,0.0,0,0,benign,normal,0.9,0.0,35 root 139 - 0 0 0 S 0.0 0.0 00:00:00 migration/3
os_processes_os_processes_20260307_215513,proc_31,os_processes,0,,0.0,0,0,benign,normal,0.9,0.0,36 root 19 0 0 0 0 S 0.0 0.0 00:00:00 ksoftirqd/3
os_processes_os_processes_20260307_215513,proc_32,os_processes,0,,0.0,0,0,benign,normal,0.9,0.0,38 root 39 -20 0 0 0 I< 0.0 0.0 00:00:00 kworker/3:0H-events_highpri
os_processes_os_processes_20260307_215513,proc_33,os_processes,0,,0.0,0,0,benign,normal,0.9,0.0,39 root 19 0 0 0 0 S 0.0 0.0 00:00:00 cpuhp/4
os_processes_os_processes_20260307_215513,proc_34,os_processes,0,,0.0,0,0,benign,normal,0.9,0.0,40 root 90 - 0 0 0 S 0.0 0.0 00:00:00 idle_inject/4
os_processes_os_processes_20260307_215513,proc_35,os_processes,0,,0.0,0,0,benign,normal,0.9,0.0,41 root 139 - 0 0 0 S 0.0 0.0 00:00:00 migration/4
os_processes_os_processes_20260307_215513,proc_36,os_processes,0,,0.0,0,0,benign,normal,0.9,0.0,42 root 19 0 0 0 0 S 0.0 0.0 00:00:00 ksoftirqd/4
os_processes_os_processes_20260307_215513,proc_37,os_processes,0,,0.0,0,0,benign,normal,0.9,0.0,44 root 39 -20 0 0 0 I< 0.0 0.0 00:00:00 kworker/4:0H-events_highpri
os_processes_os_processes_20260307_215513,proc_38,os_processes,0,,0.0,0,0,benign,normal,0.9,0.0,45 root 19 0 0 0 0 S 0.0 0.0 00:00:00 cpuhp/5
os_processes_os_processes_20260307_215513,proc_39,os_processes,0,,0.0,0,0,benign,normal,0.9,0.0,46 root 90 - 0 0 0 S 0.0 0.0 00:00:00 idle_inject/5
os_processes_os_processes_20260307_215513,proc_40,os_processes,0,,0.0,0,0,benign,normal,0.9,0.0,47 root 139 - 0 0 0 S 0.0 0.0 00:00:00 migration/5
os_processes_os_processes_20260307_215513,proc_41,os_processes,0,,0.0,0,0,benign,normal,0.9,0.0,48 root 19 0 0 0 0 S 0.0 0.0 00:00:02 ksoftirqd/5
os_processes_os_processes_20260307_215513,proc_42,os_processes,0,,0.0,0,0,benign,normal,0.9,0.0,50 root 39 -20 0 0 0 I< 0.0 0.0 00:00:00 kworker/5:0H-kblockd
os_processes_os_processes_20260307_215513,proc_43,os_processes,0,,0.0,0,0,benign,normal,0.9,0.0,62 root 19 0 0 0 0 S 0.0 0.0 00:00:00 kdevtmpfs
os_processes_os_processes_20260307_215513,proc_44,os_processes,0,,0.0,0,0,benign,normal,0.9,0.0,63 root 39 -20 0 0 0 I< 0.0 0.0 00:00:00 kworker/R-inet_frag_wq
os_processes_os_processes_20260307_215513,proc_45,os_processes,0,,0.0,0,0,benign,normal,0.9,0.0,64 root 19 0 0 0 0 I 0.0 0.0 00:00:00 rcu_tasks_kthread
os_processes_os_processes_20260307_215513,proc_46,os_processes,0,,0.0,0,0,benign,normal,0.9,0.0,65 root 19 0 0 0 0 I 0.0 0.0 00:00:00 rcu_tasks_rude_kthread
os_processes_os_processes_20260307_215513,proc_47,os_processes,0,,0.0,0,0,benign,normal,0.9,0.0,66 root 19 0 0 0 0 I 0.0 0.0 00:00:00 rcu_tasks_trace_kthread
os_processes_os_processes_20260307_215513,proc_48,os_processes,0,,0.0,0,0,benign,normal,0.9,0.0,67 root 19 0 0 0 0 S 0.0 0.0 00:00:00 kauditd
os_processes_os_processes_20260307_215513,proc_49,os_processes,0,,0.0,0,0,benign,normal,0.9,0.0,68 root 19 0 0 0 0 S 0.0 0.0 00:00:00 khungtaskd
os_processes_os_processes_20260307_215513,proc_50,os_processes,0,,0.0,0,0,benign,normal,0.9,0.0,69 root 19 0 0 0 0 S 0.0 0.0 00:00:00 oom_reaper
os_processes_os_processes_20260307_215513,proc_51,os_processes,0,,0.0,0,0,benign,normal,0.9,0.0,71 root 39 -20 0 0 0 I< 0.0 0.0 00:00:00 kworker/R-writeback
os_processes_os_processes_20260307_215513,proc_52,os_processes,0,,0.0,0,0,benign,normal,0.9,0.0,73 root 19 0 0 0 0 S 0.0 0.0 00:00:07 kcompactd0
os_processes_os_processes_20260307_215513,proc_53,os_processes,0,,0.0,0,0,benign,normal,0.9,0.0,74 root 14 5 0 0 0 SN 0.0 0.0 00:00:00 ksmd
os_processes_os_processes_20260307_215513,proc_54,os_processes,0,,0.0,0,0,benign,normal,0.9,0.0,75 root 0 19 0 0 0 SN 0.0 0.0 00:00:04 khugepaged
os_processes_os_processes_20260307_215513,proc_55,os_processes,0,,0.0,0,0,benign,normal,0.9,0.0,76 root 39 -20 0 0 0 I< 0.0 0.0 00:00:00 kworker/R-kblockd
os_processes_os_processes_20260307_215513,proc_56,os_processes,0,,0.0,0,0,benign,normal,0.9,0.0,77 root 39 -20 0 0 0 I< 0.0 0.0 00:00:00 kworker/R-blkcg_punt_bio
os_processes_os_processes_20260307_215513,proc_57,os_processes,0,,0.0,0,0,benign,normal,0.9,0.0,78 root 39 -20 0 0 0 I< 0.0 0.0 00:00:00 kworker/R-kintegrityd
os_processes_os_processes_20260307_215513,proc_58,os_processes,0,,0.0,0,0,benign,normal,0.9,0.0,79 root 90 - 0 0 0 S 0.0 0.0 00:00:00 irq/9-acpi
os_processes_os_processes_20260307_215513,proc_59,os_processes,0,,0.0,0,0,benign,normal,0.9,0.0,82 root 39 -20 0 0 0 I< 0.0 0.0 00:00:00 kworker/R-tpm_dev_wq
os_processes_os_processes_20260307_215513,proc_60,os_processes,0,,0.0,0,0,benign,normal,0.9,0.0,83 root 39 -20 0 0 0 I< 0.0 0.0 00:00:00 kworker/R-edac-poller
os_processes_os_processes_20260307_215513,proc_61,os_processes,0,,0.0,0,0,benign,normal,0.9,0.0,84 root 39 -20 0 0 0 I< 0.0 0.0 00:00:00 kworker/R-devfreq_wq
os_processes_os_processes_20260307_215513,proc_62,os_processes,0,,0.0,0,0,benign,normal,0.9,0.0,87 root 39 -20 0 0 0 I< 0.0 0.0 00:00:00 kworker/4:1H-kblockd
os_processes_os_processes_20260307_215513,proc_63,os_processes,0,,0.0,0,0,benign,normal,0.9,0.0,88 root 19 0 0 0 0 S 0.0 0.0 00:00:01 kswapd0
os_processes_os_processes_20260307_215513,proc_64,os_processes,0,,0.0,0,0,benign,normal,0.9,0.0,97 root 39 -20 0 0 0 I< 0.0 0.0 00:00:00 kworker/R-kthrotld
os_processes_os_processes_20260307_215513,proc_65,os_processes,0,,0.0,0,0,benign,normal,0.9,0.0,99 root 39 -20 0 0 0 I< 0.0 0.0 00:00:00 kworker/R-acpi_thermal_pm
os_processes_os_processes_20260307_215513,proc_66,os_processes,0,,0.0,0,0,benign,normal,0.9,0.0,100 root 39 -20 0 0 0 I< 0.0 0.0 00:00:00 kworker/R-mld
os_processes_os_processes_20260307_215513,proc_67,os_processes,0,,0.0,0,0,benign,normal,0.9,0.0,102 root 39 -20 0 0 0 I< 0.0 0.0 00:00:00 kworker/R-ipv6_addrconf
os_processes_os_processes_20260307_215513,proc_68,os_processes,0,,0.0,0,0,benign,normal,0.9,0.0,103 root 19 0 0 0 0 I 0.0 0.0 00:00:00 kworker/u24:1-ipv6_addrconf
os_processes_os_processes_20260307_215513,proc_69,os_processes,0,,0.0,0,0,benign,normal,0.9,0.0,108 root 39 -20 0 0 0 I< 0.0 0.0 00:00:00 kworker/R-kstrp
os_processes_os_processes_20260307_215513,proc_70,os_processes,0,,0.0,0,0,benign,normal,0.9,0.0,115 root 39 -20 0 0 0 I< 0.0 0.0 00:00:00 kworker/u31:0
os_processes_os_processes_20260307_215513,proc_71,os_processes,0,,0.0,0,0,benign,normal,0.9,0.0,116 root 39 -20 0 0 0 I< 0.0 0.0 00:00:00 kworker/u32:0-ttm
os_processes_os_processes_20260307_215513,proc_72,os_processes,0,,0.0,0,0,benign,normal,0.9,0.0,117 root 39 -20 0 0 0 I< 0.0 0.0 00:00:00 kworker/u33:0-ttm
os_processes_os_processes_20260307_215513,proc_73,os_processes,0,,0.0,0,0,benign,normal,0.9,0.0,118 root 39 -20 0 0 0 I< 0.0 0.0 00:00:00 kworker/u34:0-ttm
os_processes_os_processes_20260307_215513,proc_74,os_processes,0,,0.0,0,0,benign,normal,0.9,0.0,119 root 39 -20 0 0 0 I< 0.0 0.0 00:00:00 kworker/u35:0-ttm
os_processes_os_processes_20260307_215513,proc_75,os_processes,0,,0.0,0,0,benign,normal,0.9,0.0,120 root 39 -20 0 0 0 I< 0.0 0.0 00:00:00 kworker/u36:0
os_processes_os_processes_20260307_215513,proc_76,os_processes,0,,0.0,0,0,benign,normal,0.9,0.0,121 root 39 -20 0 0 0 I< 0.0 0.0 00:00:00 kworker/u37:0-ttm
os_processes_os_processes_20260307_215513,proc_77,os_processes,0,,0.0,0,0,benign,normal,0.9,0.0,193 root 39 -20 0 0 0 I< 0.0 0.0 00:00:00 kworker/1:1H-kblockd
os_processes_os_processes_20260307_215513,proc_78,os_processes,0,,0.0,0,0,benign,normal,0.9,0.0,221 root 39 -20 0 0 0 I< 0.0 0.0 00:00:00 kworker/5:1H-kblockd
os_processes_os_processes_20260307_215513,proc_79,os_processes,0,,0.0,0,0,benign,normal,0.9,0.0,223 root 39 -20 0 0 0 I< 0.0 0.0 00:00:03 kworker/2:1H-kblockd
os_processes_os_processes_20260307_215513,proc_80,os_processes,0,,0.0,0,0,benign,normal,0.9,0.0,260 root 39 -20 0 0 0 I< 0.0 0.0 00:00:00 kworker/0:1H-kblockd
os_processes_os_processes_20260307_215513,proc_81,os_processes,0,,0.0,0,0,benign,normal,0.9,0.0,275 root 39 -20 0 0 0 I< 0.0 0.0 00:00:00 kworker/R-ata_sff
os_processes_os_processes_20260307_215513,proc_82,os_processes,0,,0.0,0,0,benign,normal,0.9,0.0,280 root 19 0 0 0 0 S 0.0 0.0 00:00:00 scsi_eh_0
os_processes_os_processes_20260307_215513,proc_83,os_processes,0,,0.0,0,0,benign,normal,0.9,0.0,281 root 39 -20 0 0 0 I< 0.0 0.0 00:00:00 kworker/R-scsi_tmf_0
os_processes_os_processes_20260307_215513,proc_84,os_processes,0,,0.0,0,0,benign,normal,0.9,0.0,284 root 19 0 0 0 0 S 0.0 0.0 00:00:00 scsi_eh_1
os_processes_os_processes_20260307_215513,proc_85,os_processes,0,,0.0,0,0,benign,normal,0.9,0.0,287 root 39 -20 0 0 0 I< 0.0 0.0 00:00:00 kworker/R-scsi_tmf_1
os_processes_os_processes_20260307_215513,proc_86,os_processes,0,,0.0,0,0,benign,normal,0.9,0.0,294 root 19 0 0 0 0 S 0.0 0.0 00:00:00 scsi_eh_2
os_processes_os_processes_20260307_215513,proc_87,os_processes,0,,0.0,0,0,benign,normal,0.9,0.0,295 root 39 -20 0 0 0 I< 0.0 0.0 00:00:00 kworker/R-scsi_tmf_2
os_processes_os_processes_20260307_215513,proc_88,os_processes,0,,0.0,0,0,benign,normal,0.9,0.0,297 root 90 - 0 0 0 S 0.0 0.0 00:00:00 irq/18-vmwgfx
os_processes_os_processes_20260307_215513,proc_89,os_processes,0,,0.0,0,0,benign,normal,0.9,0.0,298 root 39 -20 0 0 0 I< 0.0 0.0 00:00:00 kworker/R-ttm
os_processes_os_processes_20260307_215513,proc_90,os_processes,0,,0.0,0,0,benign,normal,0.9,0.0,303 root 39 -20 0 0 0 I< 0.0 0.0 00:00:00 kworker/0:2H-kblockd
os_processes_os_processes_20260307_215513,proc_91,os_processes,0,,0.0,0,0,benign,normal,0.9,0.0,347 root 19 0 0 0 0 S 0.0 0.0 00:00:04 jbd2/sda1-8
os_processes_os_processes_20260307_215513,proc_92,os_processes,0,,0.0,0,0,benign,normal,0.9,0.0,348 root 39 -20 0 0 0 I< 0.0 0.0 00:00:00 kworker/R-ext4-rsv-conversion
os_processes_os_processes_20260307_215513,proc_93,os_processes,0,,0.0,0,0,benign,normal,0.9,0.0,416 root 19 0 80948 42352 0 Ss 0.0 0.2 00:00:05 systemd-journal
os_processes_os_processes_20260307_215513,proc_94,os_processes,0,,0.0,0,0,benign,normal,0.9,0.0,449 root 19 0 37588 10820 0 Ss 0.0 0.0 00:00:01 systemd-udevd
os_processes_os_processes_20260307_215513,proc_95,os_processes,0,,0.0,0,0,benign,normal,0.9,0.0,457 root 41 - 0 0 0 S 0.0 0.0 00:00:00 psimon
os_processes_os_processes_20260307_215513,proc_96,os_processes,0,,0.0,0,0,benign,normal,0.9,0.0,579 root 19 0 8388 6136 0 Ss 0.0 0.0 00:00:02 haveged
os_processes_os_processes_20260307_215513,proc_97,os_processes,0,,0.0,0,0,benign,normal,0.9,0.0,594 root 19 0 312692 7856 0 Ssl 0.0 0.0 00:00:00 accounts-daemon
os_processes_os_processes_20260307_215513,proc_98,os_processes,0,,0.0,0,0,benign,normal,0.9,0.0,595 message+ 19 0 11776 8168 0 Ss 0.0 0.0 00:01:09 dbus-daemon
os_processes_os_processes_20260307_215513,proc_99,os_processes,0,,0.0,0,0,benign,normal,0.9,0.0,598 polkitd 19 0 390276 13228 0 Ssl 0.0 0.0 00:00:36 polkitd
os_processes_os_processes_20260307_215513,proc_100,os_processes,0,,0.0,0,0,benign,normal,0.9,0.0,599 root 19 0 19440 9480 0 Ss 0.0 0.0 00:00:09 systemd-logind
os_processes_os_processes_20260307_215513,proc_101,os_processes,0,,0.0,0,0,benign,normal,0.9,0.0,647 root 39 -20 0 0 0 I< 0.0 0.0 00:00:00 kworker/R-rpciod
os_processes_os_processes_20260307_215513,proc_102,os_processes,0,,0.0,0,0,benign,normal,0.9,0.0,648 root 39 -20 0 0 0 I< 0.0 0.0 00:00:00 kworker/R-xprtiod
os_processes_os_processes_20260307_215513,proc_103,os_processes,0,,0.0,0,0,benign,normal,0.9,0.0,658 root 19 0 9616 2536 0 Ss 0.0 0.0 00:00:00 cron
os_processes_os_processes_20260307_215513,proc_104,os_processes,0,,0.0,0,0,benign,normal,0.9,0.0,693 root 19 0 341100 19620 0 Ssl 0.0 0.1 00:00:08 NetworkManager
os_processes_os_processes_20260307_215513,proc_105,os_processes,0,,0.0,0,0,benign,normal,0.9,0.0,705 root 19 0 317332 11820 0 Ssl 0.0 0.0 00:00:00 ModemManager
os_processes_os_processes_20260307_215513,proc_106,os_processes,0,,0.0,0,0,benign,normal,0.9,0.0,707 root 19 0 355676 2536 0 Sl 0.0 0.0 00:01:00 VBoxDRMClient
os_processes_os_processes_20260307_215513,proc_107,os_processes,0,,0.0,0,0,benign,normal,0.9,0.0,709 root 19 0 294456 3092 0 Sl 0.0 0.0 00:00:24 VBoxService
os_processes_os_processes_20260307_215513,proc_108,os_processes,1,high_virtual_memory,0.1,0,0,high_virtual_memory,rule,0.95,0.8,785 root 19 0 2023428 53580 0 Ssl 0.1 0.3 00:02:06 containerd
os_processes_os_processes_20260307_215513,proc_109,os_processes,0,,0.0,0,0,benign,normal,0.9,0.0,786 root 19 0 11784 7112 0 Ss 0.0 0.0 00:00:00 sshd
os_processes_os_processes_20260307_215513,proc_110,os_processes,0,,0.0,0,0,benign,normal,0.9,0.0,792 root 19 0 388176 9736 0 Ssl 0.0 0.0 00:00:00 gdm3
os_processes_os_processes_20260307_215513,proc_111,os_processes,0,,0.0,0,0,benign,normal,0.9,0.0,813 systemd+ 19 0 16624 6168 0 Ss 0.0 0.0 00:00:25 systemd-oomd
os_processes_os_processes_20260307_215513,proc_112,os_processes,0,,0.0,0,0,benign,normal,0.9,0.0,876 rtkit 18 1 21492 2924 0 SNsl 0.0 0.0 00:00:01 rtkit-daemon
os_processes_os_processes_20260307_215513,proc_113,os_processes,0,,0.0,0,0,benign,normal,0.9,0.0,1198 colord 19 0 320560 14252 0 Ssl 0.0 0.0 00:00:00 colord
os_processes_os_processes_20260307_215513,proc_114,os_processes,0,,0.0,0,0,benign,normal,0.9,0.0,1237 root 19 0 321588 9552 0 Ssl 0.0 0.0 00:00:00 upowerd
os_processes_os_processes_20260307_215513,proc_115,os_processes,0,,0.1,0,0,benign,normal,0.9,0.1,1344 pcscd 19 0 552252 7088 0 Ssl 0.0 0.0 00:00:00 pcscd
os_processes_os_processes_20260307_215513,proc_116,os_processes,0,,0.0,0,0,benign,normal,0.9,0.0,1449 root 19 0 312272 6772 0 Ssl 0.0 0.0 00:00:00 power-profiles-
os_processes_os_processes_20260307_215513,proc_117,os_processes,0,,0.0,0,0,benign,normal,0.9,0.0,1464 root 19 0 17512 6040 0 Ss 0.0 0.0 00:00:00 wpa_supplicant
os_processes_os_processes_20260307_215513,proc_118,os_processes,0,,0.0,0,0,benign,normal,0.9,0.0,1469 root 39 -20 0 0 0 I< 0.0 0.0 00:00:00 kworker/R-cfg80211
os_processes_os_processes_20260307_215513,proc_119,os_processes,0,,0.0,0,0,benign,normal,0.9,0.0,1612 root 19 0 388568 10124 0 Sl 0.0 0.0 00:00:00 gdm-session-wor
os_processes_os_processes_20260307_215513,proc_120,os_processes,0,,0.0,0,0,benign,normal,0.9,0.0,1628 yh 19 0 24048 13364 0 Ss 0.0 0.0 00:00:01 systemd
os_processes_os_processes_20260307_215513,proc_121,os_processes,0,,0.0,0,0,benign,normal,0.9,0.0,1630 yh 19 0 22584 2944 0 S 0.0 0.0 00:00:00 (sd-pam)
os_processes_os_processes_20260307_215513,proc_122,os_processes,0,,0.0,0,0,benign,normal,0.9,0.0,1656 yh 19 0 10296 6552 0 Ss 0.0 0.0 00:00:03 dbus-daemon
os_processes_os_processes_20260307_215513,proc_123,os_processes,0,,0.0,0,0,benign,normal,0.9,0.0,1657 yh 30 -11 108656 15000 0 S<sl 0.0 0.0 00:00:00 pipewire
os_processes_os_processes_20260307_215513,proc_124,os_processes,0,,0.0,0,0,benign,normal,0.9,0.0,1659 yh 19 0 186092 9908 0 SLsl 0.0 0.0 00:00:00 gnome-keyring-d
os_processes_os_processes_20260307_215513,proc_125,os_processes,0,,0.0,0,0,benign,normal,0.9,0.0,1660 yh 19 0 7212 3236 0 Ss 0.0 0.0 00:00:00 mpris-proxy
os_processes_os_processes_20260307_215513,proc_126,os_processes,0,,0.0,0,0,benign,normal,0.9,0.0,1661 yh 30 -11 483900 18656 0 S<sl 0.0 0.1 00:00:00 wireplumber
os_processes_os_processes_20260307_215513,proc_127,os_processes,0,,0.0,0,0,benign,normal,0.9,0.0,1664 yh 19 0 87444 4640 0 Ssl 0.0 0.0 00:00:00 pipewire
os_processes_os_processes_20260307_215513,proc_128,os_processes,0,,0.0,0,0,benign,normal,0.9,0.0,1665 yh 30 -11 174372 10696 0 S<sl 0.0 0.0 00:00:00 pipewire-pulse
os_processes_os_processes_20260307_215513,proc_129,os_processes,0,,0.0,0,0,benign,normal,0.9,0.0,1687 yh 19 0 171376 5796 0 Ssl+ 0.0 0.0 00:00:00 gdm-wayland-ses
os_processes_os_processes_20260307_215513,proc_130,os_processes,0,,0.0,0,0,benign,normal,0.9,0.0,1706 yh 19 0 165164 5460 0 Sl+ 0.0 0.0 00:00:00 gnome-session-i
os_processes_os_processes_20260307_215513,proc_131,os_processes,0,,0.0,0,0,benign,normal,0.9,0.0,1743 yh 19 0 97444 6308 0 Ssl 0.0 0.0 00:00:00 gcr-ssh-agent
os_processes_os_processes_20260307_215513,proc_132,os_processes,0,,0.0,0,0,benign,normal,0.9,0.0,1744 yh 19 0 89988 4444 0 Ssl 0.0 0.0 00:00:00 gnome-session-c
os_processes_os_processes_20260307_215513,proc_133,os_processes,0,,0.0,0,0,benign,normal,0.9,0.0,1745 yh 19 0 10556 5344 0 Ss 0.0 0.0 00:00:00 ssh-agent
os_processes_os_processes_20260307_215513,proc_134,os_processes,0,,0.0,0,0,benign,normal,0.9,0.0,1758 yh 19 0 316100 7836 0 Ssl 0.0 0.0 00:00:00 gvfsd
os_processes_os_processes_20260307_215513,proc_135,os_processes,0,,0.0,0,0,benign,normal,0.9,0.0,1767 yh 19 0 401312 7016 0 Sl 0.0 0.0 00:00:00 gvfsd-fuse
os_processes_os_processes_20260307_215513,proc_136,os_processes,0,,0.0,0,0,benign,normal,0.9,0.0,1769 yh 19 0 463788 9332 0 Ssl 0.0 0.0 00:00:00 gnome-session-s
os_processes_os_processes_20260307_215513,proc_137,os_processes,1,high_mem_usage,0.5,1,0,high_mem_usage,rule,0.95,0.8,1784 yh 19 0 6467384 684972 0 Ssl 1.9 4.1 00:34:37 gnome-shell
os_processes_os_processes_20260307_215513,proc_138,os_processes,0,,0.0,0,0,benign,normal,0.9,0.0,1817 yh 19 0 381176 6576 0 Ssl 0.0 0.0 00:00:00 at-spi-bus-laun
os_processes_os_processes_20260307_215513,proc_139,os_processes,0,,0.0,0,0,benign,normal,0.9,0.0,1824 yh 19 0 8348 4276 0 S 0.0 0.0 00:00:00 dbus-daemon
os_processes_os_processes_20260307_215513,proc_140,os_processes,0,,0.0,0,0,benign,normal,0.9,0.0,1826 yh 19 0 168772 6448 0 Sl 0.0 0.0 00:00:00 at-spi2-registr
os_processes_os_processes_20260307_215513,proc_141,os_processes,0,,0.0,0,0,benign,normal,0.9,0.0,1832 yh 19 0 165380 5484 0 Ssl 0.0 0.0 00:00:00 dconf-service
os_processes_os_processes_20260307_215513,proc_142,os_processes,0,,0.0,0,0,benign,normal,0.9,0.0,1848 yh 19 0 311868 6376 0 Ssl 0.0 0.0 00:00:00 xdg-permission-
os_processes_os_processes_20260307_215513,proc_143,os_processes,0,,0.1,0,0,benign,normal,0.9,0.1,1850 yh 19 0 661720 18868 0 Sl 0.0 0.1 00:00:00 gnome-shell-cal
os_processes_os_processes_20260307_215513,proc_144,os_processes,1,high_virtual_memory,0.1,0,0,high_virtual_memory,rule,0.95,0.8,1863 yh 19 0 1435152 60396 0 Ssl 0.0 0.3 00:00:00 evolution-sourc
os_processes_os_processes_20260307_215513,proc_145,os_processes,1,high_virtual_memory,0.1,0,0,high_virtual_memory,rule,0.95,0.8,1871 yh 19 0 2734868 30936 0 Sl 0.0 0.1 00:00:00 gjs
os_processes_os_processes_20260307_215513,proc_146,os_processes,0,,0.0,0,0,benign,normal,0.9,0.0,1879 yh 19 0 250512 8116 0 Ssl 0.0 0.0 00:00:00 gsd-a11y-settin
os_processes_os_processes_20260307_215513,proc_147,os_processes,0,,0.0,0,0,benign,normal,0.9,0.0,1903 yh 19 0 248288 7944 0 Ssl 0.0 0.0 00:00:00 gsd-color
os_processes_os_processes_20260307_215513,proc_148,os_processes,0,,0.0,0,0,benign,normal,0.9,0.0,1904 yh 19 0 257284 9668 0 Ssl 0.0 0.0 00:00:00 gsd-datetime
os_processes_os_processes_20260307_215513,proc_149,os_processes,0,,0.0,0,0,benign,normal,0.9,0.0,1909 yh 19 0 387140 8812 0 Ssl 0.0 0.0 00:00:01 gsd-housekeepin
os_processes_os_processes_20260307_215513,proc_150,os_processes,0,,0.0,0,0,benign,normal,0.9,0.0,1910 yh 19 0 385276 7096 0 Ssl 0.0 0.0 00:00:00 gsd-keyboard
os_processes_os_processes_20260307_215513,proc_151,os_processes,0,,0.1,0,0,benign,normal,0.9,0.1,1912 yh 19 0 621936 11884 0 Ssl 0.0 0.0 00:00:00 gsd-media-keys
os_processes_os_processes_20260307_215513,proc_152,os_processes,0,,0.0,0,0,benign,normal,0.9,0.0,1918 yh 19 0 463904 9188 0 Ssl 0.0 0.0 00:00:00 gsd-power
os_processes_os_processes_20260307_215513,proc_153,os_processes,1,high_virtual_memory,0.1,0,0,high_virtual_memory,rule,0.95,0.8,1919 yh 19 0 1100232 86608 0 Sl 0.0 0.5 00:00:00 evolution-alarm
os_processes_os_processes_20260307_215513,proc_154,os_processes,0,,0.0,0,0,benign,normal,0.9,0.0,1920 yh 19 0 323868 11132 0 Ssl 0.0 0.0 00:00:00 gsd-print-notif
os_processes_os_processes_20260307_215513,proc_155,os_processes,0,,0.0,0,0,benign,normal,0.9,0.0,1927 yh 19 0 459100 7048 0 Ssl 0.0 0.0 00:00:00 gsd-rfkill
os_processes_os_processes_20260307_215513,proc_156,os_processes,0,,0.1,0,0,benign,normal,0.9,0.1,1928 yh 19 0 909172 71740 0 Sl 0.4 0.4 00:07:13 kdeconnectd
os_processes_os_processes_20260307_215513,proc_157,os_processes,0,,0.0,0,0,benign,normal,0.9,0.0,1934 yh 19 0 172000 6384 0 Ssl 0.0 0.0 00:00:00 gsd-screensaver
os_processes_os_processes_20260307_215513,proc_158,os_processes,0,,0.0,0,0,benign,normal,0.9,0.0,1936 yh 19 0 404280 11948 0 Ssl 0.0 0.0 00:00:00 gsd-sharing
os_processes_os_processes_20260307_215513,proc_159,os_processes,0,,0.0,0,0,benign,normal,0.9,0.0,1939 yh 19 0 398068 12924 0 Ssl 0.0 0.0 00:00:00 gsd-smartcard
os_processes_os_processes_20260307_215513,proc_160,os_processes,0,,0.0,0,0,benign,normal,0.9,0.0,1940 yh 19 0 256708 9104 0 Ssl 0.0 0.0 00:00:00 gsd-sound
os_processes_os_processes_20260307_215513,proc_161,os_processes,0,,0.1,0,0,benign,normal,0.9,0.1,1943 yh 19 0 612884 64496 0 Sl 0.0 0.3 00:00:00 blueman-applet
os_processes_os_processes_20260307_215513,proc_162,os_processes,0,,0.0,0,0,benign,normal,0.9,0.0,1968 yh 19 0 306276 6584 0 Sl 0.0 0.0 00:00:00 gsd-disk-utilit
os_processes_os_processes_20260307_215513,proc_163,os_processes,1,high_virtual_memory,0.1,0,0,high_virtual_memory,rule,0.95,0.8,1975 yh 19 0 2028424 157832 0 Sl 0.0 0.9 00:00:00 xwaylandvideobr
os_processes_os_processes_20260307_215513,proc_164,os_processes,0,,0.0,0,0,benign,normal,0.9,0.0,2006 yh 19 0 468440 7504 0 Ssl 0.0 0.0 00:00:00 gsd-usb-protect
os_processes_os_processes_20260307_215513,proc_165,os_processes,0,,0.0,0,0,benign,normal,0.9,0.0,2007 yh 19 0 392392 9476 0 Ssl 0.0 0.0 00:00:00 gsd-wwan
os_processes_os_processes_20260307_215513,proc_166,os_processes,0,,0.1,0,0,benign,normal,0.9,0.1,2035 root 19 0 691500 13676 0 Ssl 0.0 0.0 00:00:13 udisksd
os_processes_os_processes_20260307_215513,proc_167,os_processes,0,,0.0,0,0,benign,normal,0.9,0.0,2039 yh 19 0 396684 9936 0 Sl 0.0 0.0 00:00:00 gsd-printer
os_processes_os_processes_20260307_215513,proc_168,os_processes,1,high_virtual_memory,0.1,0,0,high_virtual_memory,rule,0.95,0.8,2067 yh 19 0 2734868 31648 0 Sl 0.0 0.1 00:00:00 gjs
os_processes_os_processes_20260307_215513,proc_169,os_processes,0,,0.1,0,0,benign,normal,0.9,0.1,2112 yh 0 - 738540 36328 0 SNsl 0.0 0.2 00:00:01 localsearch-3
os_processes_os_processes_20260307_215513,proc_170,os_processes,1,high_virtual_memory,0.1,0,0,high_virtual_memory,rule,0.95,0.8,2115 yh 19 0 1174536 20080 0 Ssl 0.0 0.1 00:00:02 xdg-desktop-por
os_processes_os_processes_20260307_215513,proc_171,os_processes,0,,0.1,0,0,benign,normal,0.9,0.1,2125 yh 19 0 838800 6892 0 Ssl 0.0 0.0 00:00:00 xdg-document-po
os_processes_os_processes_20260307_215513,proc_172,os_processes,0,,0.0,0,0,benign,normal,0.9,0.0,2148 yh 19 0 466304 29160 0 Sl 0.0 0.1 00:00:00 goa-daemon
os_processes_os_processes_20260307_215513,proc_173,os_processes,0,,0.0,0,0,benign,normal,0.9,0.0,2155 root 19 0 2592 1584 0 Ss 0.0 0.0 00:00:00 fusermount3
os_processes_os_processes_20260307_215513,proc_174,os_processes,0,,0.1,0,0,benign,normal,0.9,0.1,2160 yh 19 0 768928 52156 0 Ssl 0.0 0.3 00:00:00 xdg-desktop-por
os_processes_os_processes_20260307_215513,proc_175,os_processes,0,,0.0,0,0,benign,normal,0.9,0.0,2167 yh 19 0 390720 9004 0 Sl 0.0 0.0 00:00:00 goa-identity-se
os_processes_os_processes_20260307_215513,proc_176,os_processes,0,,0.1,0,0,benign,normal,0.9,0.1,2175 yh 19 0 897228 25776 0 Ssl 0.0 0.1 00:00:00 evolution-calen
os_processes_os_processes_20260307_215513,proc_177,os_processes,0,,0.1,0,0,benign,normal,0.9,0.1,2188 yh 19 0 831296 35012 0 Ssl 0.0 0.2 00:00:00 evolution-addre
os_processes_os_processes_20260307_215513,proc_178,os_processes,0,,0.0,0,0,benign,normal,0.9,0.0,2197 yh 19 0 393896 11020 0 Ssl 0.0 0.0 00:00:00 gvfs-udisks2-vo
os_processes_os_processes_20260307_215513,proc_179,os_processes,0,,0.0,0,0,benign,normal,0.9,0.0,2205 yh 19 0 311760 6696 0 Ssl 0.0 0.0 00:00:00 gvfs-gphoto2-vo
os_processes_os_processes_20260307_215513,proc_180,os_processes,0,,0.0,0,0,benign,normal,0.9,0.0,2210 yh 19 0 310792 6192 0 Ssl 0.0 0.0 00:00:00 gvfs-mtp-volume
os_processes_os_processes_20260307_215513,proc_181,os_processes,0,,0.0,0,0,benign,normal,0.9,0.0,2215 yh 19 0 392848 8000 0 Ssl 0.0 0.0 00:00:04 gvfs-afc-volume
os_processes_os_processes_20260307_215513,proc_182,os_processes,0,,0.0,0,0,benign,normal,0.9,0.0,2221 yh 19 0 310768 6252 0 Ssl 0.0 0.0 00:00:00 gvfs-goa-volume
os_processes_os_processes_20260307_215513,proc_183,os_processes,0,,0.0,0,0,benign,normal,0.9,0.0,2226 yh 19 0 229632 70800 0 S 0.0 0.4 00:00:00 Xwayland
os_processes_os_processes_20260307_215513,proc_184,os_processes,0,,0.1,0,0,benign,normal,0.9,0.1,2286 yh 19 0 667568 66140 0 Ssl 0.0 0.4 00:00:09 Thunar
os_processes_os_processes_20260307_215513,proc_185,os_processes,0,,0.0,0,0,benign,normal,0.9,0.0,2300 yh 19 0 389948 8420 0 Sl 0.0 0.0 00:00:00 gvfsd-recent
os_processes_os_processes_20260307_215513,proc_186,os_processes,0,,0.1,0,0,benign,normal,0.9,0.1,2301 yh 19 0 537436 9336 0 Sl 0.0 0.0 00:00:00 gvfsd-trash
os_processes_os_processes_20260307_215513,proc_187,os_processes,1,high_virtual_memory,0.1,0,0,high_virtual_memory,rule,0.95,0.8,2327 yh 19 0 1734716 133536 0 Sl 0.0 0.8 00:00:00 mutter-x11-fram
os_processes_os_processes_20260307_215513,proc_188,os_processes,0,,0.0,0,0,benign,normal,0.9,0.0,2331 yh 19 0 19464 1528 0 S 0.0 0.0 00:00:00 VBoxClient
os_processes_os_processes_20260307_215513,proc_189,os_processes,0,,0.0,0,0,benign,normal,0.9,0.0,2332 yh 19 0 218780 6132 0 Sl 0.0 0.0 00:00:00 VBoxClient
os_processes_os_processes_20260307_215513,proc_190,os_processes,0,,0.0,0,0,benign,normal,0.9,0.0,2335 yh 19 0 388704 10916 0 Sl 0.0 0.0 00:00:01 ibus-daemon
os_processes_os_processes_20260307_215513,proc_191,os_processes,0,,0.0,0,0,benign,normal,0.9,0.0,2364 yh 19 0 245960 7040 0 Sl 0.0 0.0 00:00:00 ibus-dconf
os_processes_os_processes_20260307_215513,proc_192,os_processes,0,,0.0,0,0,benign,normal,0.9,0.0,2372 yh 19 0 499408 35680 0 Sl 0.0 0.2 00:00:01 ibus-extension-
os_processes_os_processes_20260307_215513,proc_193,os_processes,0,,0.0,0,0,benign,normal,0.9,0.0,2378 yh 19 0 387168 68744 0 Sl 0.0 0.4 00:00:00 ibus-x11
os_processes_os_processes_20260307_215513,proc_194,os_processes,0,,0.0,0,0,benign,normal,0.9,0.0,2382 yh 19 0 311480 7024 0 Sl 0.0 0.0 00:00:00 ibus-portal
os_processes_os_processes_20260307_215513,proc_195,os_processes,0,,0.0,0,0,benign,normal,0.9,0.0,2413 yh 19 0 19464 1756 0 S 0.0 0.0 00:00:00 VBoxClient
os_processes_os_processes_20260307_215513,proc_196,os_processes,0,,0.0,0,0,benign,normal,0.9,0.0,2415 yh 19 0 151568 2388 0 Sl 0.0 0.0 00:00:09 VBoxClient
os_processes_os_processes_20260307_215513,proc_197,os_processes,0,,0.0,0,0,benign,normal,0.9,0.0,2447 yh 19 0 456664 21864 0 Ssl 0.0 0.1 00:00:00 obexd
os_processes_os_processes_20260307_215513,proc_198,os_processes,0,,0.0,0,0,benign,normal,0.9,0.0,2567 yh 19 0 172260 7204 0 Sl 0.0 0.0 00:00:00 ibus-engine-sim
os_processes_os_processes_20260307_215513,proc_199,os_processes,0,,0.0,0,0,benign,normal,0.9,0.0,2609 yh 19 0 171892 6576 0 Ssl 0.0 0.0 00:00:00 gvfsd-metadata
os_processes_os_processes_20260307_215513,proc_200,os_processes,0,,0.0,0,0,benign,normal,0.9,0.0,2630 yh 19 0 493220 28852 0 Ssl 0.0 0.1 00:00:00 xdg-desktop-por
os_processes_os_processes_20260307_215513,proc_201,os_processes,0,,0.0,0,0,benign,normal,0.9,0.0,4597 yh 19 0 390232 8756 0 Sl 0.0 0.0 00:00:00 gvfsd-network
os_processes_os_processes_20260307_215513,proc_202,os_processes,0,,0.0,0,0,benign,normal,0.9,0.0,4606 yh 19 0 391384 8512 0 Sl 0.0 0.0 00:00:00 gvfsd-dnssd
os_processes_os_processes_20260307_215513,proc_203,os_processes,0,,0.0,0,0,benign,normal,0.9,0.0,7710 yh 19 0 10364 3612 0 Ss 0.0 0.0 00:00:04 bash
os_processes_os_processes_20260307_215513,proc_204,os_processes,0,,0.1,0,0,benign,normal,0.9,0.1,7813 yh 19 0 997396 55960 0 Sl 0.0 0.3 00:00:03 node
os_processes_os_processes_20260307_215513,proc_205,os_processes,0,,0.0,0,0,benign,normal,0.9,0.0,7845 yh 19 0 2688 1484 0 S 0.0 0.0 00:00:00 sh
os_processes_os_processes_20260307_215513,proc_206,os_processes,1,high_mem_usage,0.5,1,0,high_mem_usage,rule,0.95,0.8,7858 yh 19 0 12221420 513772 0 Sl 0.2 3.1 00:03:43 node
os_processes_os_processes_20260307_215513,proc_207,os_processes,1,high_virtual_memory,0.1,0,0,high_virtual_memory,rule,0.95,0.8,7940 yh 19 0 11808332 73628 0 Sl 0.0 0.4 00:00:46 node
os_processes_os_processes_20260307_215513,proc_208,os_processes,0,,0.0,0,0,benign,normal,0.9,0.0,12754 root 39 -20 0 0 0 I< 0.0 0.0 00:00:00 kworker/u33:2
os_processes_os_processes_20260307_215513,proc_209,os_processes,1,high_virtual_memory,0.1,0,0,high_virtual_memory,rule,0.95,0.8,13181 root 19 0 5517352 73756 0 Ssl 0.8 0.4 00:14:07 clash
os_processes_os_processes_20260307_215513,proc_210,os_processes,1,high_virtual_memory,0.1,0,0,high_virtual_memory,rule,0.95,0.8,13185 root 19 0 1084508 10576 0 Ssl 0.0 0.0 00:00:00 clash-dashboard
os_processes_os_processes_20260307_215513,proc_211,os_processes,0,,0.0,0,0,benign,normal,0.9,0.0,20100 yh 19 0 10364 3548 0 Ss 0.0 0.0 00:00:04 bash
os_processes_os_processes_20260307_215513,proc_212,os_processes,0,,0.0,0,0,benign,normal,0.9,0.0,27183 yh 19 0 2688 1512 0 S 0.0 0.0 00:00:00 sh
os_processes_os_processes_20260307_215513,proc_213,os_processes,1,high_virtual_memory,0.1,0,0,high_virtual_memory,rule,0.95,0.8,27187 yh 19 0 11849632 140000 0 Sl 0.0 0.8 00:01:29 node
os_processes_os_processes_20260307_215513,proc_214,os_processes,1,high_virtual_memory,0.1,0,0,high_virtual_memory,rule,0.95,0.8,27238 yh 19 0 1446608 91600 0 Sl 0.1 0.5 00:02:06 node
os_processes_os_processes_20260307_215513,proc_215,os_processes,0,,0.0,0,0,benign,normal,0.9,0.0,27518 root 19 0 20128 9996 0 Ss 0.0 0.0 00:00:00 sshd-session
os_processes_os_processes_20260307_215513,proc_216,os_processes,0,,0.0,0,0,benign,normal,0.9,0.0,27549 yh 19 0 20708 7056 0 S 0.0 0.0 00:00:31 sshd-session
os_processes_os_processes_20260307_215513,proc_217,os_processes,0,,0.0,0,0,benign,normal,0.9,0.0,27550 yh 19 0 2688 1724 0 Ss 0.0 0.0 00:00:00 sh
os_processes_os_processes_20260307_215513,proc_218,os_processes,0,,0.0,0,0,benign,normal,0.9,0.0,27568 yh 19 0 59984 33340 0 Sl 0.0 0.2 00:01:03 code-0870c2a0c7
os_processes_os_processes_20260307_215513,proc_219,os_processes,1,high_mem_usage,0.5,1,0,high_mem_usage,rule,0.95,0.8,27595 yh 19 0 54799716 564684 0 Sl 0.1 3.4 00:02:08 node
os_processes_os_processes_20260307_215513,proc_220,os_processes,1,high_virtual_memory,0.1,0,0,high_virtual_memory,rule,0.95,0.8,27606 yh 19 0 1264184 79092 0 Sl 0.0 0.4 00:01:07 node
os_processes_os_processes_20260307_215513,proc_221,os_processes,0,,0.0,0,0,benign,normal,0.9,0.0,27674 yh 19 0 2688 1484 0 S 0.0 0.0 00:00:00 sh
os_processes_os_processes_20260307_215513,proc_222,os_processes,0,,0.0,0,0,benign,normal,0.9,0.0,29625 root 19 0 0 0 0 I 0.0 0.0 00:00:00 kworker/u24:0-ipv6_addrconf
os_processes_os_processes_20260307_215513,proc_223,os_processes,0,,0.0,0,0,benign,normal,0.9,0.0,32967 yh 19 0 17116 8296 0 Ss+ 0.0 0.0 00:00:04 zsh
os_processes_os_processes_20260307_215513,proc_224,os_processes,0,,0.0,0,0,benign,normal,0.9,0.0,35702 yh 19 0 10364 3532 0 Ss 0.0 0.0 00:00:04 bash
os_processes_os_processes_20260307_215513,proc_225,os_processes,0,,0.0,0,0,benign,normal,0.9,0.0,40688 root 41 - 0 0 0 S 0.0 0.0 00:00:00 psimon
os_processes_os_processes_20260307_215513,proc_226,os_processes,1,high_virtual_memory,0.1,0,0,high_virtual_memory,rule,0.95,0.8,40846 root 19 0 3029144 115040 0 Ssl 0.0 0.7 00:00:50 dockerd
os_processes_os_processes_20260307_215513,proc_227,os_processes,1,high_virtual_memory,0.1,0,0,high_virtual_memory,rule,0.95,0.8,47154 yh 19 0 1020504 69572 0 Sl 0.0 0.4 00:00:04 node
os_processes_os_processes_20260307_215513,proc_228,os_processes,0,,0.0,0,0,benign,normal,0.9,0.0,193536 root 39 -20 0 0 0 I< 0.0 0.0 00:00:00 kworker/u34:1
os_processes_os_processes_20260307_215513,proc_229,os_processes,0,,0.0,0,0,benign,normal,0.9,0.0,214396 root 39 -20 0 0 0 I< 0.0 0.0 00:00:00 kworker/u35:1
os_processes_os_processes_20260307_215513,proc_230,os_processes,0,,0.0,0,0,benign,normal,0.9,0.0,221817 root 19 0 20000 11616 0 Ss 0.0 0.0 00:00:00 sshd-session
os_processes_os_processes_20260307_215513,proc_231,os_processes,0,,0.0,0,0,benign,normal,0.9,0.0,221886 yh 19 0 20580 8152 0 S 0.0 0.0 00:00:19 sshd-session
os_processes_os_processes_20260307_215513,proc_232,os_processes,0,,0.0,0,0,benign,normal,0.9,0.0,221887 yh 19 0 10364 3816 0 Ss 0.0 0.0 00:00:03 bash
os_processes_os_processes_20260307_215513,proc_233,os_processes,1,high_mem_usage,0.5,1,0,high_mem_usage,rule,0.95,0.8,222020 yh 19 0 87734472 492832 0 Sl 5.5 3.0 01:15:20 node
os_processes_os_processes_20260307_215513,proc_234,os_processes,1,high_virtual_memory,0.1,0,0,high_virtual_memory,rule,0.95,0.8,222031 yh 19 0 11857524 56968 0 Sl 0.0 0.3 00:00:14 node
os_processes_os_processes_20260307_215513,proc_235,os_processes,0,,0.0,0,0,benign,normal,0.9,0.0,230558 yh 19 0 13208 6464 0 Ss 0.0 0.0 00:00:00 zsh
os_processes_os_processes_20260307_215513,proc_236,os_processes,0,,0.0,0,0,benign,normal,0.9,0.0,239834 yh 19 0 47364 33064 0 T 0.0 0.2 00:00:00 python
os_processes_os_processes_20260307_215513,proc_237,os_processes,0,,0.0,0,0,benign,normal,0.9,0.0,254405 root 19 0 0 0 0 I 0.0 0.0 00:00:00 kworker/3:2-events
os_processes_os_processes_20260307_215513,proc_238,os_processes,0,,0.0,0,0,benign,normal,0.9,0.0,256596 root 19 0 0 0 0 I 0.0 0.0 00:00:02 kworker/0:1-events
os_processes_os_processes_20260307_215513,proc_239,os_processes,0,,0.0,0,0,benign,normal,0.9,0.0,256618 root 19 0 0 0 0 I 0.0 0.0 00:00:00 kworker/1:2-events
os_processes_os_processes_20260307_215513,proc_240,os_processes,0,,0.0,0,0,benign,normal,0.9,0.0,256619 root 19 0 0 0 0 I 0.0 0.0 00:00:01 kworker/4:2-events
os_processes_os_processes_20260307_215513,proc_241,os_processes,0,,0.0,0,0,benign,normal,0.9,0.0,256756 root 19 0 0 0 0 I 0.0 0.0 00:00:01 kworker/5:0-events
os_processes_os_processes_20260307_215513,proc_242,os_processes,0,,0.0,0,0,benign,normal,0.9,0.0,259454 root 19 0 0 0 0 I 0.0 0.0 00:00:01 kworker/3:1-events
os_processes_os_processes_20260307_215513,proc_243,os_processes,0,,0.0,0,0,benign,normal,0.9,0.0,259480 root 19 0 0 0 0 I 0.0 0.0 00:00:01 kworker/1:1-events
os_processes_os_processes_20260307_215513,proc_244,os_processes,0,,0.0,0,0,benign,normal,0.9,0.0,259490 root 19 0 0 0 0 I 0.0 0.0 00:00:00 kworker/0:2
os_processes_os_processes_20260307_215513,proc_245,os_processes,0,,0.0,0,0,benign,normal,0.9,0.0,259523 root 19 0 0 0 0 I 0.0 0.0 00:00:00 kworker/5:1
os_processes_os_processes_20260307_215513,proc_246,os_processes,1,high_virtual_memory,0.1,0,0,high_virtual_memory,rule,0.95,0.8,260141 yh 19 0 2069988 33156 0 Sl+ 0.0 0.2 00:00:01 docker
os_processes_os_processes_20260307_215513,proc_247,os_processes,1,high_virtual_memory,0.1,0,0,high_virtual_memory,rule,0.95,0.8,260160 yh 19 0 2032908 55984 0 Sl+ 0.0 0.3 00:00:07 docker-compose
os_processes_os_processes_20260307_215513,proc_248,os_processes,1,high_virtual_memory,0.1,0,0,high_virtual_memory,rule,0.95,0.8,260222 root 19 0 1745164 6168 0 Sl 0.0 0.0 00:00:00 docker-proxy
os_processes_os_processes_20260307_215513,proc_249,os_processes,1,high_virtual_memory,0.1,0,0,high_virtual_memory,rule,0.95,0.8,260229 root 19 0 1671432 6208 0 Sl 0.0 0.0 00:00:00 docker-proxy
os_processes_os_processes_20260307_215513,proc_250,os_processes,1,high_virtual_memory,0.1,0,0,high_virtual_memory,rule,0.95,0.8,260243 root 19 0 1745164 6192 0 Sl 0.0 0.0 00:00:00 docker-proxy
os_processes_os_processes_20260307_215513,proc_251,os_processes,1,high_virtual_memory,0.1,0,0,high_virtual_memory,rule,0.95,0.8,260250 root 19 0 1745164 6108 0 Sl 0.0 0.0 00:00:00 docker-proxy
os_processes_os_processes_20260307_215513,proc_252,os_processes,1,high_virtual_memory,0.1,0,0,high_virtual_memory,rule,0.95,0.8,260273 root 19 0 2133832 22224 0 Sl 0.0 0.1 00:00:05 containerd-shim
os_processes_os_processes_20260307_215513,proc_253,os_processes,1,high_virtual_memory,0.1,0,0,high_virtual_memory,rule,0.95,0.8,260304 root 19 0 2133576 22100 0 Sl 0.0 0.1 00:00:04 containerd-shim
os_processes_os_processes_20260307_215513,proc_254,os_processes,0,,0.1,0,0,benign,normal,0.9,0.1,260328 root 19 0 780924 119296 0 Ssl 0.0 0.7 00:00:15 ruby
os_processes_os_processes_20260307_215513,proc_255,os_processes,0,,0.0,0,0,benign,normal,0.9,0.0,260335 root 19 0 2808 1884 0 Ss 0.0 0.0 00:00:00 sh
os_processes_os_processes_20260307_215513,proc_256,os_processes,1,high_virtual_memory,0.1,0,0,high_virtual_memory,rule,0.95,0.8,260400 root 19 0 2084640 43404 0 Sl 0.0 0.2 00:00:01 ollama
os_processes_os_processes_20260307_215513,proc_257,os_processes,1,high_virtual_memory,0.1,0,0,high_virtual_memory,rule,0.95,0.8,260448 root 19 0 1745164 6228 0 Sl 0.0 0.0 00:00:00 docker-proxy
os_processes_os_processes_20260307_215513,proc_258,os_processes,1,high_virtual_memory,0.1,0,0,high_virtual_memory,rule,0.95,0.8,260455 root 19 0 1744908 6112 0 Sl 0.0 0.0 00:00:00 docker-proxy
os_processes_os_processes_20260307_215513,proc_259,os_processes,1,high_virtual_memory,0.1,0,0,high_virtual_memory,rule,0.95,0.8,260478 root 19 0 2060100 22292 0 Sl 0.0 0.1 00:00:05 containerd-shim
os_processes_os_processes_20260307_215513,proc_260,os_processes,0,,0.35,0,0,benign,normal,0.9,0.35,260500 root 19 0 912180 240596 0 Ssl 0.1 1.4 00:02:24 uvicorn
os_processes_os_processes_20260307_215513,proc_261,os_processes,1,high_virtual_memory,0.1,0,0,high_virtual_memory,rule,0.95,0.8,263173 yh 19 0 1004328 67440 0 Sl 0.0 0.4 00:00:03 node
os_processes_os_processes_20260307_215513,proc_262,os_processes,1,high_virtual_memory,0.1,0,0,high_virtual_memory,rule,0.95,0.8,272681 yh 19 0 1038504 111880 0 Sl 0.0 0.6 00:00:03 node
os_processes_os_processes_20260307_215513,proc_263,os_processes,0,,0.0,0,0,benign,normal,0.9,0.0,279502 yh 19 0 16528 7644 0 Ss+ 0.0 0.0 00:00:00 zsh
os_processes_os_processes_20260307_215513,proc_264,os_processes,0,,0.0,0,0,benign,normal,0.9,0.0,427439 root 19 0 0 0 0 I 0.0 0.0 00:00:01 kworker/4:1-events
os_processes_os_processes_20260307_215513,proc_265,os_processes,1,high_mem_usage,0.35,0,0,high_mem_usage,rule,0.95,0.8,427530 yh 19 0 3895240 398700 0 Sl 4.4 2.4 00:23:36 gnome-system-mo
os_processes_os_processes_20260307_215513,proc_266,os_processes,0,,0.0,0,0,benign,normal,0.9,0.0,432656 root 39 -20 0 0 0 I< 0.0 0.0 00:00:00 kworker/u37:1-ttm
os_processes_os_processes_20260307_215513,proc_267,os_processes,0,,0.0,0,0,benign,normal,0.9,0.0,434749 root 39 -20 0 0 0 I< 0.0 0.0 00:00:00 kworker/3:2H-kblockd
os_processes_os_processes_20260307_215513,proc_268,os_processes,0,,0.0,0,0,benign,normal,0.9,0.0,475321 root 39 -20 0 0 0 I< 0.0 0.0 00:00:00 kworker/u32:2
os_processes_os_processes_20260307_215513,proc_269,os_processes,1,high_virtual_memory,0.1,0,0,high_virtual_memory,rule,0.95,0.8,611168 yh 19 0 2926500 69120 0 Sl 0.0 0.4 00:00:00 gjs
os_processes_os_processes_20260307_215513,proc_270,os_processes,0,,0.0,0,0,benign,normal,0.9,0.0,621753 root 19 0 0 0 0 I 0.0 0.0 00:00:12 kworker/u25:0-events_unbound
os_processes_os_processes_20260307_215513,proc_271,os_processes,0,,0.0,0,0,benign,normal,0.9,0.0,625018 root 19 0 0 0 0 I 0.0 0.0 00:00:12 kworker/u30:2-events_unbound
os_processes_os_processes_20260307_215513,proc_272,os_processes,0,,0.1,0,0,benign,normal,0.9,0.1,645364 yh 19 0 996852 56896 0 Sl 0.0 0.3 00:00:00 node
os_processes_os_processes_20260307_215513,proc_273,os_processes,0,,0.0,0,0,benign,normal,0.9,0.0,646047 root 19 0 0 0 0 I 0.1 0.0 00:00:14 kworker/u29:1-kvfree_rcu_reclaim
os_processes_os_processes_20260307_215513,proc_274,os_processes,0,,0.0,0,0,benign,normal,0.9,0.0,646936 yh 19 0 17028 8148 0 Ss 0.0 0.0 00:00:01 zsh
os_processes_os_processes_20260307_215513,proc_275,os_processes,0,,0.0,0,0,benign,normal,0.9,0.0,653130 root 19 0 0 0 0 I 0.0 0.0 00:00:05 kworker/2:2-events
os_processes_os_processes_20260307_215513,proc_276,os_processes,0,,0.0,0,0,benign,normal,0.9,0.0,661453 root 19 0 0 0 0 I 0.0 0.0 00:00:08 kworker/u26:2-kvfree_rcu_reclaim
os_processes_os_processes_20260307_215513,proc_277,os_processes,0,,0.0,0,0,benign,normal,0.9,0.0,706568 root 19 0 0 0 0 I 0.0 0.0 00:00:05 kworker/u27:0-events_unbound
os_processes_os_processes_20260307_215513,proc_278,os_processes,0,,0.0,0,0,benign,normal,0.9,0.0,716020 root 19 0 0 0 0 I 0.1 0.0 00:00:11 kworker/u28:2-writeback
os_processes_os_processes_20260307_215513,proc_279,os_processes,0,,0.0,0,0,benign,normal,0.9,0.0,727341 root 19 0 0 0 0 I 0.1 0.0 00:00:12 kworker/u26:1-events_unbound
os_processes_os_processes_20260307_215513,proc_280,os_processes,0,,0.0,0,0,benign,normal,0.9,0.0,750637 root 19 0 0 0 0 I 0.0 0.0 00:00:04 kworker/u25:2-flush-8:0
os_processes_os_processes_20260307_215513,proc_281,os_processes,0,,0.0,0,0,benign,normal,0.9,0.0,751439 root 19 0 0 0 0 I 0.0 0.0 00:00:03 kworker/u28:0-ext4-rsv-conversion
os_processes_os_processes_20260307_215513,proc_282,os_processes,0,,0.0,0,0,benign,normal,0.9,0.0,757673 root 19 0 0 0 0 I 0.0 0.0 00:00:04 kworker/u30:0-events_unbound
os_processes_os_processes_20260307_215513,proc_283,os_processes,0,,0.0,0,0,benign,normal,0.9,0.0,771306 root 19 0 0 0 0 I 0.0 0.0 00:00:01 kworker/u29:2-flush-8:0
os_processes_os_processes_20260307_215513,proc_284,os_processes,0,,0.0,0,0,benign,normal,0.9,0.0,773771 root 19 0 0 0 0 I 0.0 0.0 00:00:00 kworker/u28:1
os_processes_os_processes_20260307_215513,proc_285,os_processes,0,,0.0,0,0,benign,normal,0.9,0.0,824399 root 19 0 0 0 0 I 0.0 0.0 00:00:00 kworker/u30:1-flush-8:0
os_processes_os_processes_20260307_215513,proc_286,os_processes,0,,0.0,0,0,benign,normal,0.9,0.0,828685 root 19 0 0 0 0 I 0.0 0.0 00:00:00 kworker/u27:1-flush-8:0
os_processes_os_processes_20260307_215513,proc_287,os_processes,0,,0.0,0,0,benign,normal,0.9,0.0,836113 root 19 0 0 0 0 I 0.0 0.0 00:00:00 kworker/u27:2-flush-8:0
os_processes_os_processes_20260307_215513,proc_288,os_processes,0,,0.0,0,0,benign,normal,0.9,0.0,838577 root 19 0 0 0 0 I 0.0 0.0 00:00:00 kworker/2:0-ata_sff
os_processes_os_processes_20260307_215513,proc_289,os_processes,0,,0.0,0,0,benign,normal,0.9,0.0,840917 root 19 0 0 0 0 I 0.0 0.0 00:00:00 kworker/u26:0
os_processes_os_processes_20260307_215513,proc_290,os_processes,0,,0.0,0,0,benign,normal,0.9,0.0,843623 root 19 0 0 0 0 I 0.0 0.0 00:00:00 kworker/2:1-ata_sff
os_processes_os_processes_20260307_215513,proc_291,os_processes,0,,0.0,0,0,benign,normal,0.9,0.0,846456 yh 19 0 8716 2388 0 S 0.0 0.0 00:00:00 sleep
os_processes_os_processes_20260307_215513,proc_292,os_processes,0,,0.0,0,0,benign,normal,0.9,0.0,847713 yh 19 0 8716 2224 0 S 0.0 0.0 00:00:00 sleep
os_processes_os_processes_20260307_215513,proc_293,os_processes,0,,0.0,0,0,benign,normal,0.9,0.0,847765 yh 19 0 8716 2376 0 S 0.0 0.0 00:00:00 sleep
os_processes_os_processes_20260307_215513,proc_294,os_processes,0,,0.0,0,0,benign,normal,0.9,0.0,847829 yh 19 0 8716 2368 0 S 0.0 0.0 00:00:00 sleep
os_processes_os_processes_20260307_215513,proc_295,os_processes,0,,0.0,0,0,benign,normal,0.9,0.0,847853 yh 19 0 8716 2220 0 S 0.0 0.0 00:00:00 sleep
os_processes_os_processes_20260307_215513,proc_296,os_processes,0,,0.0,0,0,benign,normal,0.9,0.0,848150 yh 19 0 17028 4268 0 S+ 0.0 0.0 00:00:00 zsh
os_processes_os_processes_20260307_215513,proc_297,os_processes,0,,0.0,0,0,benign,normal,0.9,0.0,848151 yh 19 0 12440 4496 0 R+ 0.0 0.0 00:00:00 ps
os_processes_os_processes_20260307_215513,proc_298,os_processes,0,,0.0,0,0,benign,normal,0.9,0.0,848152 yh 19 0 12216 4112 0 S+ 0.0 0.0 00:00:00 awk
